
--- REGIONS ---
INSERT INTO REGION (ID, NAME) VALUES ('84162474-f46d-4f9e-a9ea-c82ddaf33a84', 'Acre');
INSERT INTO REGION (ID, NAME) VALUES ('1ea66abe-b09a-473d-a896-3da9d279178f', 'Alagoas');
INSERT INTO REGION (ID, NAME) VALUES ('0b992576-0429-4315-a3d3-f5f3350479c5', 'Amapá');
INSERT INTO REGION (ID, NAME) VALUES ('3c69db27-3d1d-492f-ae73-67ac9bdeec94', 'Amazonas');
INSERT INTO REGION (ID, NAME) VALUES ('9921c27d-8548-4c8e-b672-bc12c7454998', 'Bahia');
INSERT INTO REGION (ID, NAME) VALUES ('590a5a5d-110e-4c48-aad8-0d49a41f4d87', 'Ceará');
INSERT INTO REGION (ID, NAME) VALUES ('9076b84e-416e-470a-9511-88423e390ee5', 'Distrito Federal');
INSERT INTO REGION (ID, NAME) VALUES ('617e438c-3e35-4556-ae96-0708a74fb099', 'Espírito Santo');
INSERT INTO REGION (ID, NAME) VALUES ('1c6b837b-7115-413d-acdf-e9bb729d2555', 'Goiás');
INSERT INTO REGION (ID, NAME) VALUES ('1faffd78-fe8d-4525-a3a1-82a7ccb2e4f5', 'Maranhão');
INSERT INTO REGION (ID, NAME) VALUES ('eceaa8b9-3b66-4bf9-8dee-28ad2dcee356', 'Mato Grosso');
INSERT INTO REGION (ID, NAME) VALUES ('205585ce-5eb8-4242-8926-0ab53ab82514', 'Mato Grosso do Sul');
INSERT INTO REGION (ID, NAME) VALUES ('b27dce47-bb60-451c-bc08-92d976c2518a', 'Minas Gerais');
INSERT INTO REGION (ID, NAME) VALUES ('a452ef93-d79a-40d7-ad14-1190fa11e65b', 'Pará');
INSERT INTO REGION (ID, NAME) VALUES ('abfc222c-5ee8-4847-a50d-06a5b095ea25', 'Paraíba');
INSERT INTO REGION (ID, NAME) VALUES ('ff17b5c0-07ca-434d-90cf-85e038f4bdd5', 'Paraná');
INSERT INTO REGION (ID, NAME) VALUES ('f91ee8cd-d915-4d9b-be2d-4a7e53e586a9', 'Pernambuco');
INSERT INTO REGION (ID, NAME) VALUES ('c7767916-37b7-46df-80c1-d62d0f8c934a', 'Piauí');
INSERT INTO REGION (ID, NAME) VALUES ('75724134-4f6c-4573-83a7-5c512bf75195', 'Rio de Janeiro');
INSERT INTO REGION (ID, NAME) VALUES ('0fc67f63-1e7a-40d6-8e4a-a911ba5d7203', 'Rio Grande do Norte');
INSERT INTO REGION (ID, NAME) VALUES ('d17281b9-c6fc-4aab-86d4-9ab24bb3b6fd', 'Rio Grande do Sul');
INSERT INTO REGION (ID, NAME) VALUES ('fdb63d77-f427-41bb-96a2-91130f3a0466', 'Rondônia');
INSERT INTO REGION (ID, NAME) VALUES ('e6056c00-d6d4-4a39-9cb0-5e7c3751c9f3', 'Roraima');
INSERT INTO REGION (ID, NAME) VALUES ('8f210672-db08-4e81-b492-d69dd03adb6b', 'Santa Catarina');
INSERT INTO REGION (ID, NAME) VALUES ('eb81d4f5-05de-40d0-85cc-ba5b5006a277', 'São Paulo');
INSERT INTO REGION (ID, NAME) VALUES ('d340f5b0-5115-49fe-a743-c78604ee56ff', 'Sergipe');
INSERT INTO REGION (ID, NAME) VALUES ('d9907675-7b6f-4aa5-9380-d31613198062', 'Tocantins');

--- TECHNOLOGIES ---
INSERT INTO TECHNOLOGY (ID, NAME) VALUES ('85b2dd43-48d0-458c-b5a6-ecdbd4dae1b3', 'Python');
INSERT INTO TECHNOLOGY (ID, NAME) VALUES ('c77d6801-7e11-496d-a89b-b619d6059730', 'JavaScript');
INSERT INTO TECHNOLOGY (ID, NAME) VALUES ('caa2705f-a177-41ae-8fa1-cc6264c17453', 'Java');
INSERT INTO TECHNOLOGY (ID, NAME) VALUES ('80e1c80f-5f8f-4482-aeac-a1328beb807d', 'C#');
INSERT INTO TECHNOLOGY (ID, NAME) VALUES ('d93dd155-2c47-4166-83d5-291fc369a54e', 'Ruby');
INSERT INTO TECHNOLOGY (ID, NAME) VALUES ('46582243-11e4-450e-be96-8a01d9a1d304', 'PHP');
INSERT INTO TECHNOLOGY (ID, NAME) VALUES ('d37d5595-16b2-4a62-82b0-910a83e0c0be', 'Go');
INSERT INTO TECHNOLOGY (ID, NAME) VALUES ('f7213740-f29a-4d4d-b232-ff6dc53dfe59', 'Swift');
INSERT INTO TECHNOLOGY (ID, NAME) VALUES ('12f5b739-b818-4fe2-8fd2-9343a0869892', 'Kotlin');
INSERT INTO TECHNOLOGY (ID, NAME) VALUES ('dada90e7-e495-4970-814d-34762d67e28b', 'Rust');

--- JOB_LISTINGS ---
INSERT INTO JOB_LISTING (ID, REGION_ID) VALUES ('9d33046b-4548-446c-97cb-180738f028ac', '84162474-f46d-4f9e-a9ea-c82ddaf33a84');
INSERT INTO JOB_LISTING_TECHNOLOGY (JOB_LISTING_ID, TECHNOLOGY_ID) VALUES ('9d33046b-4548-446c-97cb-180738f028ac', 'dada90e7-e495-4970-814d-34762d67e28b');
INSERT INTO JOB_LISTING_TECHNOLOGY (JOB_LISTING_ID, TECHNOLOGY_ID) VALUES ('9d33046b-4548-446c-97cb-180738f028ac', 'f7213740-f29a-4d4d-b232-ff6dc53dfe59');
INSERT INTO JOB_LISTING (ID, REGION_ID) VALUES ('caa2a222-e2c3-48c2-94eb-0c86de59f4b9', '1ea66abe-b09a-473d-a896-3da9d279178f');
INSERT INTO JOB_LISTING_TECHNOLOGY (JOB_LISTING_ID, TECHNOLOGY_ID) VALUES ('caa2a222-e2c3-48c2-94eb-0c86de59f4b9', 'c77d6801-7e11-496d-a89b-b619d6059730');
INSERT INTO JOB_LISTING_TECHNOLOGY (JOB_LISTING_ID, TECHNOLOGY_ID) VALUES ('caa2a222-e2c3-48c2-94eb-0c86de59f4b9', 'f7213740-f29a-4d4d-b232-ff6dc53dfe59');
INSERT INTO JOB_LISTING (ID, REGION_ID) VALUES ('99432d2c-fb6d-4985-9714-2f02a711e5fd', '0b992576-0429-4315-a3d3-f5f3350479c5');
INSERT INTO JOB_LISTING_TECHNOLOGY (JOB_LISTING_ID, TECHNOLOGY_ID) VALUES ('99432d2c-fb6d-4985-9714-2f02a711e5fd', '80e1c80f-5f8f-4482-aeac-a1328beb807d');
INSERT INTO JOB_LISTING_TECHNOLOGY (JOB_LISTING_ID, TECHNOLOGY_ID) VALUES ('99432d2c-fb6d-4985-9714-2f02a711e5fd', 'f7213740-f29a-4d4d-b232-ff6dc53dfe59');
INSERT INTO JOB_LISTING_TECHNOLOGY (JOB_LISTING_ID, TECHNOLOGY_ID) VALUES ('99432d2c-fb6d-4985-9714-2f02a711e5fd', 'd93dd155-2c47-4166-83d5-291fc369a54e');
INSERT INTO JOB_LISTING_TECHNOLOGY (JOB_LISTING_ID, TECHNOLOGY_ID) VALUES ('99432d2c-fb6d-4985-9714-2f02a711e5fd', 'd37d5595-16b2-4a62-82b0-910a83e0c0be');
INSERT INTO JOB_LISTING_TECHNOLOGY (JOB_LISTING_ID, TECHNOLOGY_ID) VALUES ('99432d2c-fb6d-4985-9714-2f02a711e5fd', 'c77d6801-7e11-496d-a89b-b619d6059730');
INSERT INTO JOB_LISTING (ID, REGION_ID) VALUES ('1e9c93c9-53e3-4b11-80d0-758de03e8b5f', '3c69db27-3d1d-492f-ae73-67ac9bdeec94');
INSERT INTO JOB_LISTING_TECHNOLOGY (JOB_LISTING_ID, TECHNOLOGY_ID) VALUES ('1e9c93c9-53e3-4b11-80d0-758de03e8b5f', '46582243-11e4-450e-be96-8a01d9a1d304');
INSERT INTO JOB_LISTING_TECHNOLOGY (JOB_LISTING_ID, TECHNOLOGY_ID) VALUES ('1e9c93c9-53e3-4b11-80d0-758de03e8b5f', 'dada90e7-e495-4970-814d-34762d67e28b');
INSERT INTO JOB_LISTING_TECHNOLOGY (JOB_LISTING_ID, TECHNOLOGY_ID) VALUES ('1e9c93c9-53e3-4b11-80d0-758de03e8b5f', '85b2dd43-48d0-458c-b5a6-ecdbd4dae1b3');
INSERT INTO JOB_LISTING_TECHNOLOGY (JOB_LISTING_ID, TECHNOLOGY_ID) VALUES ('1e9c93c9-53e3-4b11-80d0-758de03e8b5f', '80e1c80f-5f8f-4482-aeac-a1328beb807d');
INSERT INTO JOB_LISTING (ID, REGION_ID) VALUES ('33711fb7-21ea-4fdc-9aeb-12f8436d9b4d', '9921c27d-8548-4c8e-b672-bc12c7454998');
INSERT INTO JOB_LISTING_TECHNOLOGY (JOB_LISTING_ID, TECHNOLOGY_ID) VALUES ('33711fb7-21ea-4fdc-9aeb-12f8436d9b4d', 'caa2705f-a177-41ae-8fa1-cc6264c17453');
INSERT INTO JOB_LISTING_TECHNOLOGY (JOB_LISTING_ID, TECHNOLOGY_ID) VALUES ('33711fb7-21ea-4fdc-9aeb-12f8436d9b4d', 'dada90e7-e495-4970-814d-34762d67e28b');
INSERT INTO JOB_LISTING_TECHNOLOGY (JOB_LISTING_ID, TECHNOLOGY_ID) VALUES ('33711fb7-21ea-4fdc-9aeb-12f8436d9b4d', '80e1c80f-5f8f-4482-aeac-a1328beb807d');
INSERT INTO JOB_LISTING_TECHNOLOGY (JOB_LISTING_ID, TECHNOLOGY_ID) VALUES ('33711fb7-21ea-4fdc-9aeb-12f8436d9b4d', 'd93dd155-2c47-4166-83d5-291fc369a54e');
INSERT INTO JOB_LISTING (ID, REGION_ID) VALUES ('4bbe26b9-eaa2-4b0f-86a7-66378ff9cccc', '590a5a5d-110e-4c48-aad8-0d49a41f4d87');
INSERT INTO JOB_LISTING_TECHNOLOGY (JOB_LISTING_ID, TECHNOLOGY_ID) VALUES ('4bbe26b9-eaa2-4b0f-86a7-66378ff9cccc', '12f5b739-b818-4fe2-8fd2-9343a0869892');
INSERT INTO JOB_LISTING_TECHNOLOGY (JOB_LISTING_ID, TECHNOLOGY_ID) VALUES ('4bbe26b9-eaa2-4b0f-86a7-66378ff9cccc', 'dada90e7-e495-4970-814d-34762d67e28b');
INSERT INTO JOB_LISTING_TECHNOLOGY (JOB_LISTING_ID, TECHNOLOGY_ID) VALUES ('4bbe26b9-eaa2-4b0f-86a7-66378ff9cccc', '85b2dd43-48d0-458c-b5a6-ecdbd4dae1b3');
INSERT INTO JOB_LISTING_TECHNOLOGY (JOB_LISTING_ID, TECHNOLOGY_ID) VALUES ('4bbe26b9-eaa2-4b0f-86a7-66378ff9cccc', 'c77d6801-7e11-496d-a89b-b619d6059730');
INSERT INTO JOB_LISTING (ID, REGION_ID) VALUES ('9d613da9-06d9-43db-a1e8-57c77f0f3d83', '9076b84e-416e-470a-9511-88423e390ee5');
INSERT INTO JOB_LISTING_TECHNOLOGY (JOB_LISTING_ID, TECHNOLOGY_ID) VALUES ('9d613da9-06d9-43db-a1e8-57c77f0f3d83', 'c77d6801-7e11-496d-a89b-b619d6059730');
INSERT INTO JOB_LISTING_TECHNOLOGY (JOB_LISTING_ID, TECHNOLOGY_ID) VALUES ('9d613da9-06d9-43db-a1e8-57c77f0f3d83', 'caa2705f-a177-41ae-8fa1-cc6264c17453');
INSERT INTO JOB_LISTING_TECHNOLOGY (JOB_LISTING_ID, TECHNOLOGY_ID) VALUES ('9d613da9-06d9-43db-a1e8-57c77f0f3d83', '85b2dd43-48d0-458c-b5a6-ecdbd4dae1b3');
INSERT INTO JOB_LISTING_TECHNOLOGY (JOB_LISTING_ID, TECHNOLOGY_ID) VALUES ('9d613da9-06d9-43db-a1e8-57c77f0f3d83', 'f7213740-f29a-4d4d-b232-ff6dc53dfe59');
INSERT INTO JOB_LISTING (ID, REGION_ID) VALUES ('85e6e4ef-ba5d-4252-b563-4d7f8c417dfb', '617e438c-3e35-4556-ae96-0708a74fb099');
INSERT INTO JOB_LISTING_TECHNOLOGY (JOB_LISTING_ID, TECHNOLOGY_ID) VALUES ('85e6e4ef-ba5d-4252-b563-4d7f8c417dfb', '12f5b739-b818-4fe2-8fd2-9343a0869892');
INSERT INTO JOB_LISTING_TECHNOLOGY (JOB_LISTING_ID, TECHNOLOGY_ID) VALUES ('85e6e4ef-ba5d-4252-b563-4d7f8c417dfb', '85b2dd43-48d0-458c-b5a6-ecdbd4dae1b3');
INSERT INTO JOB_LISTING_TECHNOLOGY (JOB_LISTING_ID, TECHNOLOGY_ID) VALUES ('85e6e4ef-ba5d-4252-b563-4d7f8c417dfb', '46582243-11e4-450e-be96-8a01d9a1d304');
INSERT INTO JOB_LISTING_TECHNOLOGY (JOB_LISTING_ID, TECHNOLOGY_ID) VALUES ('85e6e4ef-ba5d-4252-b563-4d7f8c417dfb', 'd37d5595-16b2-4a62-82b0-910a83e0c0be');
INSERT INTO JOB_LISTING_TECHNOLOGY (JOB_LISTING_ID, TECHNOLOGY_ID) VALUES ('85e6e4ef-ba5d-4252-b563-4d7f8c417dfb', 'd93dd155-2c47-4166-83d5-291fc369a54e');
INSERT INTO JOB_LISTING (ID, REGION_ID) VALUES ('d5b94ea8-403b-4c80-a953-8d50d29d8438', '1c6b837b-7115-413d-acdf-e9bb729d2555');
INSERT INTO JOB_LISTING_TECHNOLOGY (JOB_LISTING_ID, TECHNOLOGY_ID) VALUES ('d5b94ea8-403b-4c80-a953-8d50d29d8438', '80e1c80f-5f8f-4482-aeac-a1328beb807d');
INSERT INTO JOB_LISTING_TECHNOLOGY (JOB_LISTING_ID, TECHNOLOGY_ID) VALUES ('d5b94ea8-403b-4c80-a953-8d50d29d8438', 'caa2705f-a177-41ae-8fa1-cc6264c17453');
INSERT INTO JOB_LISTING (ID, REGION_ID) VALUES ('ec78cf45-0770-4b2b-937d-a9bb8a42bc67', '1faffd78-fe8d-4525-a3a1-82a7ccb2e4f5');
INSERT INTO JOB_LISTING_TECHNOLOGY (JOB_LISTING_ID, TECHNOLOGY_ID) VALUES ('ec78cf45-0770-4b2b-937d-a9bb8a42bc67', 'f7213740-f29a-4d4d-b232-ff6dc53dfe59');
INSERT INTO JOB_LISTING_TECHNOLOGY (JOB_LISTING_ID, TECHNOLOGY_ID) VALUES ('ec78cf45-0770-4b2b-937d-a9bb8a42bc67', '12f5b739-b818-4fe2-8fd2-9343a0869892');
INSERT INTO JOB_LISTING_TECHNOLOGY (JOB_LISTING_ID, TECHNOLOGY_ID) VALUES ('ec78cf45-0770-4b2b-937d-a9bb8a42bc67', '80e1c80f-5f8f-4482-aeac-a1328beb807d');
INSERT INTO JOB_LISTING (ID, REGION_ID) VALUES ('cfdf09ac-0969-45d6-a174-4b3a22aa7f56', 'eceaa8b9-3b66-4bf9-8dee-28ad2dcee356');
INSERT INTO JOB_LISTING_TECHNOLOGY (JOB_LISTING_ID, TECHNOLOGY_ID) VALUES ('cfdf09ac-0969-45d6-a174-4b3a22aa7f56', 'd37d5595-16b2-4a62-82b0-910a83e0c0be');
INSERT INTO JOB_LISTING_TECHNOLOGY (JOB_LISTING_ID, TECHNOLOGY_ID) VALUES ('cfdf09ac-0969-45d6-a174-4b3a22aa7f56', 'c77d6801-7e11-496d-a89b-b619d6059730');
INSERT INTO JOB_LISTING (ID, REGION_ID) VALUES ('b1e55272-ca8b-4e2f-a7bc-93f798e26548', '205585ce-5eb8-4242-8926-0ab53ab82514');
INSERT INTO JOB_LISTING_TECHNOLOGY (JOB_LISTING_ID, TECHNOLOGY_ID) VALUES ('b1e55272-ca8b-4e2f-a7bc-93f798e26548', '80e1c80f-5f8f-4482-aeac-a1328beb807d');
INSERT INTO JOB_LISTING_TECHNOLOGY (JOB_LISTING_ID, TECHNOLOGY_ID) VALUES ('b1e55272-ca8b-4e2f-a7bc-93f798e26548', 'd93dd155-2c47-4166-83d5-291fc369a54e');
INSERT INTO JOB_LISTING_TECHNOLOGY (JOB_LISTING_ID, TECHNOLOGY_ID) VALUES ('b1e55272-ca8b-4e2f-a7bc-93f798e26548', 'caa2705f-a177-41ae-8fa1-cc6264c17453');
INSERT INTO JOB_LISTING_TECHNOLOGY (JOB_LISTING_ID, TECHNOLOGY_ID) VALUES ('b1e55272-ca8b-4e2f-a7bc-93f798e26548', '85b2dd43-48d0-458c-b5a6-ecdbd4dae1b3');
INSERT INTO JOB_LISTING (ID, REGION_ID) VALUES ('8e3316d2-7ae6-4137-99f6-882150b0a7ec', 'b27dce47-bb60-451c-bc08-92d976c2518a');
INSERT INTO JOB_LISTING_TECHNOLOGY (JOB_LISTING_ID, TECHNOLOGY_ID) VALUES ('8e3316d2-7ae6-4137-99f6-882150b0a7ec', '80e1c80f-5f8f-4482-aeac-a1328beb807d');
INSERT INTO JOB_LISTING_TECHNOLOGY (JOB_LISTING_ID, TECHNOLOGY_ID) VALUES ('8e3316d2-7ae6-4137-99f6-882150b0a7ec', '85b2dd43-48d0-458c-b5a6-ecdbd4dae1b3');
INSERT INTO JOB_LISTING (ID, REGION_ID) VALUES ('e0c34059-1ebc-4902-9670-1e200b57f29b', 'a452ef93-d79a-40d7-ad14-1190fa11e65b');
INSERT INTO JOB_LISTING_TECHNOLOGY (JOB_LISTING_ID, TECHNOLOGY_ID) VALUES ('e0c34059-1ebc-4902-9670-1e200b57f29b', '80e1c80f-5f8f-4482-aeac-a1328beb807d');
INSERT INTO JOB_LISTING_TECHNOLOGY (JOB_LISTING_ID, TECHNOLOGY_ID) VALUES ('e0c34059-1ebc-4902-9670-1e200b57f29b', 'd37d5595-16b2-4a62-82b0-910a83e0c0be');
INSERT INTO JOB_LISTING_TECHNOLOGY (JOB_LISTING_ID, TECHNOLOGY_ID) VALUES ('e0c34059-1ebc-4902-9670-1e200b57f29b', 'c77d6801-7e11-496d-a89b-b619d6059730');
INSERT INTO JOB_LISTING (ID, REGION_ID) VALUES ('fe68318e-2a93-4db3-b1da-f13430c0b0cc', 'abfc222c-5ee8-4847-a50d-06a5b095ea25');
INSERT INTO JOB_LISTING_TECHNOLOGY (JOB_LISTING_ID, TECHNOLOGY_ID) VALUES ('fe68318e-2a93-4db3-b1da-f13430c0b0cc', 'f7213740-f29a-4d4d-b232-ff6dc53dfe59');
INSERT INTO JOB_LISTING_TECHNOLOGY (JOB_LISTING_ID, TECHNOLOGY_ID) VALUES ('fe68318e-2a93-4db3-b1da-f13430c0b0cc', 'd37d5595-16b2-4a62-82b0-910a83e0c0be');
INSERT INTO JOB_LISTING_TECHNOLOGY (JOB_LISTING_ID, TECHNOLOGY_ID) VALUES ('fe68318e-2a93-4db3-b1da-f13430c0b0cc', '12f5b739-b818-4fe2-8fd2-9343a0869892');
INSERT INTO JOB_LISTING_TECHNOLOGY (JOB_LISTING_ID, TECHNOLOGY_ID) VALUES ('fe68318e-2a93-4db3-b1da-f13430c0b0cc', 'dada90e7-e495-4970-814d-34762d67e28b');
INSERT INTO JOB_LISTING (ID, REGION_ID) VALUES ('b6bb4a50-3156-4d7f-81fe-85a23732254b', 'ff17b5c0-07ca-434d-90cf-85e038f4bdd5');
INSERT INTO JOB_LISTING_TECHNOLOGY (JOB_LISTING_ID, TECHNOLOGY_ID) VALUES ('b6bb4a50-3156-4d7f-81fe-85a23732254b', '46582243-11e4-450e-be96-8a01d9a1d304');
INSERT INTO JOB_LISTING_TECHNOLOGY (JOB_LISTING_ID, TECHNOLOGY_ID) VALUES ('b6bb4a50-3156-4d7f-81fe-85a23732254b', '80e1c80f-5f8f-4482-aeac-a1328beb807d');
INSERT INTO JOB_LISTING_TECHNOLOGY (JOB_LISTING_ID, TECHNOLOGY_ID) VALUES ('b6bb4a50-3156-4d7f-81fe-85a23732254b', 'f7213740-f29a-4d4d-b232-ff6dc53dfe59');
INSERT INTO JOB_LISTING_TECHNOLOGY (JOB_LISTING_ID, TECHNOLOGY_ID) VALUES ('b6bb4a50-3156-4d7f-81fe-85a23732254b', 'caa2705f-a177-41ae-8fa1-cc6264c17453');
INSERT INTO JOB_LISTING (ID, REGION_ID) VALUES ('78fdd2d9-c115-4a03-8a0b-ef688d838ab4', 'f91ee8cd-d915-4d9b-be2d-4a7e53e586a9');
INSERT INTO JOB_LISTING_TECHNOLOGY (JOB_LISTING_ID, TECHNOLOGY_ID) VALUES ('78fdd2d9-c115-4a03-8a0b-ef688d838ab4', '12f5b739-b818-4fe2-8fd2-9343a0869892');
INSERT INTO JOB_LISTING_TECHNOLOGY (JOB_LISTING_ID, TECHNOLOGY_ID) VALUES ('78fdd2d9-c115-4a03-8a0b-ef688d838ab4', '85b2dd43-48d0-458c-b5a6-ecdbd4dae1b3');
INSERT INTO JOB_LISTING (ID, REGION_ID) VALUES ('4340a024-3edf-4ce5-98e7-5508e0f68acb', 'c7767916-37b7-46df-80c1-d62d0f8c934a');
INSERT INTO JOB_LISTING_TECHNOLOGY (JOB_LISTING_ID, TECHNOLOGY_ID) VALUES ('4340a024-3edf-4ce5-98e7-5508e0f68acb', 'd93dd155-2c47-4166-83d5-291fc369a54e');
INSERT INTO JOB_LISTING_TECHNOLOGY (JOB_LISTING_ID, TECHNOLOGY_ID) VALUES ('4340a024-3edf-4ce5-98e7-5508e0f68acb', '85b2dd43-48d0-458c-b5a6-ecdbd4dae1b3');
INSERT INTO JOB_LISTING_TECHNOLOGY (JOB_LISTING_ID, TECHNOLOGY_ID) VALUES ('4340a024-3edf-4ce5-98e7-5508e0f68acb', 'c77d6801-7e11-496d-a89b-b619d6059730');
INSERT INTO JOB_LISTING_TECHNOLOGY (JOB_LISTING_ID, TECHNOLOGY_ID) VALUES ('4340a024-3edf-4ce5-98e7-5508e0f68acb', '46582243-11e4-450e-be96-8a01d9a1d304');
INSERT INTO JOB_LISTING_TECHNOLOGY (JOB_LISTING_ID, TECHNOLOGY_ID) VALUES ('4340a024-3edf-4ce5-98e7-5508e0f68acb', 'dada90e7-e495-4970-814d-34762d67e28b');
INSERT INTO JOB_LISTING (ID, REGION_ID) VALUES ('93c2ba5a-fdf5-455e-9611-6fb27728dcae', '75724134-4f6c-4573-83a7-5c512bf75195');
INSERT INTO JOB_LISTING_TECHNOLOGY (JOB_LISTING_ID, TECHNOLOGY_ID) VALUES ('93c2ba5a-fdf5-455e-9611-6fb27728dcae', '46582243-11e4-450e-be96-8a01d9a1d304');
INSERT INTO JOB_LISTING_TECHNOLOGY (JOB_LISTING_ID, TECHNOLOGY_ID) VALUES ('93c2ba5a-fdf5-455e-9611-6fb27728dcae', 'c77d6801-7e11-496d-a89b-b619d6059730');
INSERT INTO JOB_LISTING (ID, REGION_ID) VALUES ('2fd87bbb-6f10-4556-9f32-5fdee6e9c226', '0fc67f63-1e7a-40d6-8e4a-a911ba5d7203');
INSERT INTO JOB_LISTING_TECHNOLOGY (JOB_LISTING_ID, TECHNOLOGY_ID) VALUES ('2fd87bbb-6f10-4556-9f32-5fdee6e9c226', 'f7213740-f29a-4d4d-b232-ff6dc53dfe59');
INSERT INTO JOB_LISTING_TECHNOLOGY (JOB_LISTING_ID, TECHNOLOGY_ID) VALUES ('2fd87bbb-6f10-4556-9f32-5fdee6e9c226', 'c77d6801-7e11-496d-a89b-b619d6059730');
INSERT INTO JOB_LISTING_TECHNOLOGY (JOB_LISTING_ID, TECHNOLOGY_ID) VALUES ('2fd87bbb-6f10-4556-9f32-5fdee6e9c226', '12f5b739-b818-4fe2-8fd2-9343a0869892');
INSERT INTO JOB_LISTING (ID, REGION_ID) VALUES ('7ce422b1-102b-40b5-9dc8-09b316158ed2', 'd17281b9-c6fc-4aab-86d4-9ab24bb3b6fd');
INSERT INTO JOB_LISTING_TECHNOLOGY (JOB_LISTING_ID, TECHNOLOGY_ID) VALUES ('7ce422b1-102b-40b5-9dc8-09b316158ed2', 'd37d5595-16b2-4a62-82b0-910a83e0c0be');
INSERT INTO JOB_LISTING_TECHNOLOGY (JOB_LISTING_ID, TECHNOLOGY_ID) VALUES ('7ce422b1-102b-40b5-9dc8-09b316158ed2', '46582243-11e4-450e-be96-8a01d9a1d304');
INSERT INTO JOB_LISTING (ID, REGION_ID) VALUES ('9c8128c9-2873-4e45-b5c2-5406e7b39c97', 'fdb63d77-f427-41bb-96a2-91130f3a0466');
INSERT INTO JOB_LISTING_TECHNOLOGY (JOB_LISTING_ID, TECHNOLOGY_ID) VALUES ('9c8128c9-2873-4e45-b5c2-5406e7b39c97', '12f5b739-b818-4fe2-8fd2-9343a0869892');
INSERT INTO JOB_LISTING_TECHNOLOGY (JOB_LISTING_ID, TECHNOLOGY_ID) VALUES ('9c8128c9-2873-4e45-b5c2-5406e7b39c97', '46582243-11e4-450e-be96-8a01d9a1d304');
INSERT INTO JOB_LISTING_TECHNOLOGY (JOB_LISTING_ID, TECHNOLOGY_ID) VALUES ('9c8128c9-2873-4e45-b5c2-5406e7b39c97', 'dada90e7-e495-4970-814d-34762d67e28b');
INSERT INTO JOB_LISTING (ID, REGION_ID) VALUES ('b7c1df31-96c5-4d10-b217-0ffe07236912', 'e6056c00-d6d4-4a39-9cb0-5e7c3751c9f3');
INSERT INTO JOB_LISTING_TECHNOLOGY (JOB_LISTING_ID, TECHNOLOGY_ID) VALUES ('b7c1df31-96c5-4d10-b217-0ffe07236912', 'caa2705f-a177-41ae-8fa1-cc6264c17453');
INSERT INTO JOB_LISTING_TECHNOLOGY (JOB_LISTING_ID, TECHNOLOGY_ID) VALUES ('b7c1df31-96c5-4d10-b217-0ffe07236912', 'f7213740-f29a-4d4d-b232-ff6dc53dfe59');
INSERT INTO JOB_LISTING_TECHNOLOGY (JOB_LISTING_ID, TECHNOLOGY_ID) VALUES ('b7c1df31-96c5-4d10-b217-0ffe07236912', 'dada90e7-e495-4970-814d-34762d67e28b');
INSERT INTO JOB_LISTING_TECHNOLOGY (JOB_LISTING_ID, TECHNOLOGY_ID) VALUES ('b7c1df31-96c5-4d10-b217-0ffe07236912', '80e1c80f-5f8f-4482-aeac-a1328beb807d');
INSERT INTO JOB_LISTING_TECHNOLOGY (JOB_LISTING_ID, TECHNOLOGY_ID) VALUES ('b7c1df31-96c5-4d10-b217-0ffe07236912', '46582243-11e4-450e-be96-8a01d9a1d304');
INSERT INTO JOB_LISTING (ID, REGION_ID) VALUES ('3f31ba35-f404-431d-90f4-9d964a90547b', '8f210672-db08-4e81-b492-d69dd03adb6b');
INSERT INTO JOB_LISTING_TECHNOLOGY (JOB_LISTING_ID, TECHNOLOGY_ID) VALUES ('3f31ba35-f404-431d-90f4-9d964a90547b', 'd37d5595-16b2-4a62-82b0-910a83e0c0be');
INSERT INTO JOB_LISTING_TECHNOLOGY (JOB_LISTING_ID, TECHNOLOGY_ID) VALUES ('3f31ba35-f404-431d-90f4-9d964a90547b', 'f7213740-f29a-4d4d-b232-ff6dc53dfe59');
INSERT INTO JOB_LISTING_TECHNOLOGY (JOB_LISTING_ID, TECHNOLOGY_ID) VALUES ('3f31ba35-f404-431d-90f4-9d964a90547b', '46582243-11e4-450e-be96-8a01d9a1d304');
INSERT INTO JOB_LISTING_TECHNOLOGY (JOB_LISTING_ID, TECHNOLOGY_ID) VALUES ('3f31ba35-f404-431d-90f4-9d964a90547b', '85b2dd43-48d0-458c-b5a6-ecdbd4dae1b3');
INSERT INTO JOB_LISTING (ID, REGION_ID) VALUES ('df0fc86d-a0d0-438b-bfe2-f0573f3a6c00', 'eb81d4f5-05de-40d0-85cc-ba5b5006a277');
INSERT INTO JOB_LISTING_TECHNOLOGY (JOB_LISTING_ID, TECHNOLOGY_ID) VALUES ('df0fc86d-a0d0-438b-bfe2-f0573f3a6c00', '85b2dd43-48d0-458c-b5a6-ecdbd4dae1b3');
INSERT INTO JOB_LISTING_TECHNOLOGY (JOB_LISTING_ID, TECHNOLOGY_ID) VALUES ('df0fc86d-a0d0-438b-bfe2-f0573f3a6c00', '46582243-11e4-450e-be96-8a01d9a1d304');
INSERT INTO JOB_LISTING (ID, REGION_ID) VALUES ('19ce538c-7264-4054-b347-e0c57cb3a46a', 'd340f5b0-5115-49fe-a743-c78604ee56ff');
INSERT INTO JOB_LISTING_TECHNOLOGY (JOB_LISTING_ID, TECHNOLOGY_ID) VALUES ('19ce538c-7264-4054-b347-e0c57cb3a46a', 'dada90e7-e495-4970-814d-34762d67e28b');
INSERT INTO JOB_LISTING_TECHNOLOGY (JOB_LISTING_ID, TECHNOLOGY_ID) VALUES ('19ce538c-7264-4054-b347-e0c57cb3a46a', '46582243-11e4-450e-be96-8a01d9a1d304');
INSERT INTO JOB_LISTING_TECHNOLOGY (JOB_LISTING_ID, TECHNOLOGY_ID) VALUES ('19ce538c-7264-4054-b347-e0c57cb3a46a', '80e1c80f-5f8f-4482-aeac-a1328beb807d');
INSERT INTO JOB_LISTING_TECHNOLOGY (JOB_LISTING_ID, TECHNOLOGY_ID) VALUES ('19ce538c-7264-4054-b347-e0c57cb3a46a', 'f7213740-f29a-4d4d-b232-ff6dc53dfe59');
INSERT INTO JOB_LISTING (ID, REGION_ID) VALUES ('936f8978-100d-478d-8787-385e0c367115', 'd9907675-7b6f-4aa5-9380-d31613198062');
INSERT INTO JOB_LISTING_TECHNOLOGY (JOB_LISTING_ID, TECHNOLOGY_ID) VALUES ('936f8978-100d-478d-8787-385e0c367115', 'd93dd155-2c47-4166-83d5-291fc369a54e');
INSERT INTO JOB_LISTING_TECHNOLOGY (JOB_LISTING_ID, TECHNOLOGY_ID) VALUES ('936f8978-100d-478d-8787-385e0c367115', 'f7213740-f29a-4d4d-b232-ff6dc53dfe59');
INSERT INTO JOB_LISTING_TECHNOLOGY (JOB_LISTING_ID, TECHNOLOGY_ID) VALUES ('936f8978-100d-478d-8787-385e0c367115', 'dada90e7-e495-4970-814d-34762d67e28b');
INSERT INTO JOB_LISTING (ID, REGION_ID) VALUES ('738ddda8-7f26-4e08-ada2-7f0723b33cde', '84162474-f46d-4f9e-a9ea-c82ddaf33a84');
INSERT INTO JOB_LISTING_TECHNOLOGY (JOB_LISTING_ID, TECHNOLOGY_ID) VALUES ('738ddda8-7f26-4e08-ada2-7f0723b33cde', 'd93dd155-2c47-4166-83d5-291fc369a54e');
INSERT INTO JOB_LISTING_TECHNOLOGY (JOB_LISTING_ID, TECHNOLOGY_ID) VALUES ('738ddda8-7f26-4e08-ada2-7f0723b33cde', 'f7213740-f29a-4d4d-b232-ff6dc53dfe59');
INSERT INTO JOB_LISTING_TECHNOLOGY (JOB_LISTING_ID, TECHNOLOGY_ID) VALUES ('738ddda8-7f26-4e08-ada2-7f0723b33cde', '80e1c80f-5f8f-4482-aeac-a1328beb807d');
INSERT INTO JOB_LISTING_TECHNOLOGY (JOB_LISTING_ID, TECHNOLOGY_ID) VALUES ('738ddda8-7f26-4e08-ada2-7f0723b33cde', '46582243-11e4-450e-be96-8a01d9a1d304');
INSERT INTO JOB_LISTING_TECHNOLOGY (JOB_LISTING_ID, TECHNOLOGY_ID) VALUES ('738ddda8-7f26-4e08-ada2-7f0723b33cde', '12f5b739-b818-4fe2-8fd2-9343a0869892');
INSERT INTO JOB_LISTING (ID, REGION_ID) VALUES ('c6d92c1b-b80f-4e3d-a77b-f53c1fbd364f', '1ea66abe-b09a-473d-a896-3da9d279178f');
INSERT INTO JOB_LISTING_TECHNOLOGY (JOB_LISTING_ID, TECHNOLOGY_ID) VALUES ('c6d92c1b-b80f-4e3d-a77b-f53c1fbd364f', 'd93dd155-2c47-4166-83d5-291fc369a54e');
INSERT INTO JOB_LISTING_TECHNOLOGY (JOB_LISTING_ID, TECHNOLOGY_ID) VALUES ('c6d92c1b-b80f-4e3d-a77b-f53c1fbd364f', '80e1c80f-5f8f-4482-aeac-a1328beb807d');
INSERT INTO JOB_LISTING (ID, REGION_ID) VALUES ('17e9235b-13d3-4bd2-96f4-9ca8cf64b2ca', '0b992576-0429-4315-a3d3-f5f3350479c5');
INSERT INTO JOB_LISTING_TECHNOLOGY (JOB_LISTING_ID, TECHNOLOGY_ID) VALUES ('17e9235b-13d3-4bd2-96f4-9ca8cf64b2ca', '85b2dd43-48d0-458c-b5a6-ecdbd4dae1b3');
INSERT INTO JOB_LISTING_TECHNOLOGY (JOB_LISTING_ID, TECHNOLOGY_ID) VALUES ('17e9235b-13d3-4bd2-96f4-9ca8cf64b2ca', 'caa2705f-a177-41ae-8fa1-cc6264c17453');
INSERT INTO JOB_LISTING_TECHNOLOGY (JOB_LISTING_ID, TECHNOLOGY_ID) VALUES ('17e9235b-13d3-4bd2-96f4-9ca8cf64b2ca', '12f5b739-b818-4fe2-8fd2-9343a0869892');
INSERT INTO JOB_LISTING_TECHNOLOGY (JOB_LISTING_ID, TECHNOLOGY_ID) VALUES ('17e9235b-13d3-4bd2-96f4-9ca8cf64b2ca', 'c77d6801-7e11-496d-a89b-b619d6059730');
INSERT INTO JOB_LISTING_TECHNOLOGY (JOB_LISTING_ID, TECHNOLOGY_ID) VALUES ('17e9235b-13d3-4bd2-96f4-9ca8cf64b2ca', '80e1c80f-5f8f-4482-aeac-a1328beb807d');
INSERT INTO JOB_LISTING (ID, REGION_ID) VALUES ('fe5e66e5-acce-4886-a403-bd566cd0e019', '3c69db27-3d1d-492f-ae73-67ac9bdeec94');
INSERT INTO JOB_LISTING_TECHNOLOGY (JOB_LISTING_ID, TECHNOLOGY_ID) VALUES ('fe5e66e5-acce-4886-a403-bd566cd0e019', 'c77d6801-7e11-496d-a89b-b619d6059730');
INSERT INTO JOB_LISTING_TECHNOLOGY (JOB_LISTING_ID, TECHNOLOGY_ID) VALUES ('fe5e66e5-acce-4886-a403-bd566cd0e019', 'dada90e7-e495-4970-814d-34762d67e28b');
INSERT INTO JOB_LISTING (ID, REGION_ID) VALUES ('ae71b744-610d-4bb2-bdef-2acb819afb4f', '9921c27d-8548-4c8e-b672-bc12c7454998');
INSERT INTO JOB_LISTING_TECHNOLOGY (JOB_LISTING_ID, TECHNOLOGY_ID) VALUES ('ae71b744-610d-4bb2-bdef-2acb819afb4f', 'd93dd155-2c47-4166-83d5-291fc369a54e');
INSERT INTO JOB_LISTING_TECHNOLOGY (JOB_LISTING_ID, TECHNOLOGY_ID) VALUES ('ae71b744-610d-4bb2-bdef-2acb819afb4f', 'f7213740-f29a-4d4d-b232-ff6dc53dfe59');
INSERT INTO JOB_LISTING_TECHNOLOGY (JOB_LISTING_ID, TECHNOLOGY_ID) VALUES ('ae71b744-610d-4bb2-bdef-2acb819afb4f', 'c77d6801-7e11-496d-a89b-b619d6059730');
INSERT INTO JOB_LISTING_TECHNOLOGY (JOB_LISTING_ID, TECHNOLOGY_ID) VALUES ('ae71b744-610d-4bb2-bdef-2acb819afb4f', '12f5b739-b818-4fe2-8fd2-9343a0869892');
INSERT INTO JOB_LISTING (ID, REGION_ID) VALUES ('11aeb202-bb0e-4efb-ac59-e1d478077b14', '590a5a5d-110e-4c48-aad8-0d49a41f4d87');
INSERT INTO JOB_LISTING_TECHNOLOGY (JOB_LISTING_ID, TECHNOLOGY_ID) VALUES ('11aeb202-bb0e-4efb-ac59-e1d478077b14', '85b2dd43-48d0-458c-b5a6-ecdbd4dae1b3');
INSERT INTO JOB_LISTING_TECHNOLOGY (JOB_LISTING_ID, TECHNOLOGY_ID) VALUES ('11aeb202-bb0e-4efb-ac59-e1d478077b14', 'c77d6801-7e11-496d-a89b-b619d6059730');
INSERT INTO JOB_LISTING_TECHNOLOGY (JOB_LISTING_ID, TECHNOLOGY_ID) VALUES ('11aeb202-bb0e-4efb-ac59-e1d478077b14', 'd37d5595-16b2-4a62-82b0-910a83e0c0be');
INSERT INTO JOB_LISTING_TECHNOLOGY (JOB_LISTING_ID, TECHNOLOGY_ID) VALUES ('11aeb202-bb0e-4efb-ac59-e1d478077b14', 'f7213740-f29a-4d4d-b232-ff6dc53dfe59');
INSERT INTO JOB_LISTING_TECHNOLOGY (JOB_LISTING_ID, TECHNOLOGY_ID) VALUES ('11aeb202-bb0e-4efb-ac59-e1d478077b14', '80e1c80f-5f8f-4482-aeac-a1328beb807d');
INSERT INTO JOB_LISTING (ID, REGION_ID) VALUES ('2fd89423-fc21-4876-8f64-d22560bc4c8d', '9076b84e-416e-470a-9511-88423e390ee5');
INSERT INTO JOB_LISTING_TECHNOLOGY (JOB_LISTING_ID, TECHNOLOGY_ID) VALUES ('2fd89423-fc21-4876-8f64-d22560bc4c8d', 'caa2705f-a177-41ae-8fa1-cc6264c17453');
INSERT INTO JOB_LISTING_TECHNOLOGY (JOB_LISTING_ID, TECHNOLOGY_ID) VALUES ('2fd89423-fc21-4876-8f64-d22560bc4c8d', 'd93dd155-2c47-4166-83d5-291fc369a54e');
INSERT INTO JOB_LISTING (ID, REGION_ID) VALUES ('0a9aa810-5687-4d2c-8257-a663f67ef282', '617e438c-3e35-4556-ae96-0708a74fb099');
INSERT INTO JOB_LISTING_TECHNOLOGY (JOB_LISTING_ID, TECHNOLOGY_ID) VALUES ('0a9aa810-5687-4d2c-8257-a663f67ef282', '85b2dd43-48d0-458c-b5a6-ecdbd4dae1b3');
INSERT INTO JOB_LISTING_TECHNOLOGY (JOB_LISTING_ID, TECHNOLOGY_ID) VALUES ('0a9aa810-5687-4d2c-8257-a663f67ef282', '80e1c80f-5f8f-4482-aeac-a1328beb807d');
INSERT INTO JOB_LISTING (ID, REGION_ID) VALUES ('3c19a5ce-8e8c-42af-9fa6-5d66fbedaad7', '1c6b837b-7115-413d-acdf-e9bb729d2555');
INSERT INTO JOB_LISTING_TECHNOLOGY (JOB_LISTING_ID, TECHNOLOGY_ID) VALUES ('3c19a5ce-8e8c-42af-9fa6-5d66fbedaad7', '46582243-11e4-450e-be96-8a01d9a1d304');
INSERT INTO JOB_LISTING_TECHNOLOGY (JOB_LISTING_ID, TECHNOLOGY_ID) VALUES ('3c19a5ce-8e8c-42af-9fa6-5d66fbedaad7', 'd37d5595-16b2-4a62-82b0-910a83e0c0be');
INSERT INTO JOB_LISTING (ID, REGION_ID) VALUES ('d4424fed-2e60-45b2-8200-12f82451c2e5', '1faffd78-fe8d-4525-a3a1-82a7ccb2e4f5');
INSERT INTO JOB_LISTING_TECHNOLOGY (JOB_LISTING_ID, TECHNOLOGY_ID) VALUES ('d4424fed-2e60-45b2-8200-12f82451c2e5', 'd93dd155-2c47-4166-83d5-291fc369a54e');
INSERT INTO JOB_LISTING_TECHNOLOGY (JOB_LISTING_ID, TECHNOLOGY_ID) VALUES ('d4424fed-2e60-45b2-8200-12f82451c2e5', 'dada90e7-e495-4970-814d-34762d67e28b');
INSERT INTO JOB_LISTING_TECHNOLOGY (JOB_LISTING_ID, TECHNOLOGY_ID) VALUES ('d4424fed-2e60-45b2-8200-12f82451c2e5', 'c77d6801-7e11-496d-a89b-b619d6059730');
INSERT INTO JOB_LISTING (ID, REGION_ID) VALUES ('bd603343-f902-43e0-8de5-de53706e5577', 'eceaa8b9-3b66-4bf9-8dee-28ad2dcee356');
INSERT INTO JOB_LISTING_TECHNOLOGY (JOB_LISTING_ID, TECHNOLOGY_ID) VALUES ('bd603343-f902-43e0-8de5-de53706e5577', 'caa2705f-a177-41ae-8fa1-cc6264c17453');
INSERT INTO JOB_LISTING_TECHNOLOGY (JOB_LISTING_ID, TECHNOLOGY_ID) VALUES ('bd603343-f902-43e0-8de5-de53706e5577', '12f5b739-b818-4fe2-8fd2-9343a0869892');
INSERT INTO JOB_LISTING_TECHNOLOGY (JOB_LISTING_ID, TECHNOLOGY_ID) VALUES ('bd603343-f902-43e0-8de5-de53706e5577', '46582243-11e4-450e-be96-8a01d9a1d304');
INSERT INTO JOB_LISTING_TECHNOLOGY (JOB_LISTING_ID, TECHNOLOGY_ID) VALUES ('bd603343-f902-43e0-8de5-de53706e5577', 'd93dd155-2c47-4166-83d5-291fc369a54e');
INSERT INTO JOB_LISTING (ID, REGION_ID) VALUES ('daa03316-edba-4a51-9f89-467a9ab1e910', '205585ce-5eb8-4242-8926-0ab53ab82514');
INSERT INTO JOB_LISTING_TECHNOLOGY (JOB_LISTING_ID, TECHNOLOGY_ID) VALUES ('daa03316-edba-4a51-9f89-467a9ab1e910', '46582243-11e4-450e-be96-8a01d9a1d304');
INSERT INTO JOB_LISTING_TECHNOLOGY (JOB_LISTING_ID, TECHNOLOGY_ID) VALUES ('daa03316-edba-4a51-9f89-467a9ab1e910', '80e1c80f-5f8f-4482-aeac-a1328beb807d');
INSERT INTO JOB_LISTING (ID, REGION_ID) VALUES ('4f460ae2-8ed9-462f-8759-720bda661df2', 'b27dce47-bb60-451c-bc08-92d976c2518a');
INSERT INTO JOB_LISTING_TECHNOLOGY (JOB_LISTING_ID, TECHNOLOGY_ID) VALUES ('4f460ae2-8ed9-462f-8759-720bda661df2', 'd93dd155-2c47-4166-83d5-291fc369a54e');
INSERT INTO JOB_LISTING_TECHNOLOGY (JOB_LISTING_ID, TECHNOLOGY_ID) VALUES ('4f460ae2-8ed9-462f-8759-720bda661df2', '12f5b739-b818-4fe2-8fd2-9343a0869892');
INSERT INTO JOB_LISTING (ID, REGION_ID) VALUES ('85a01e23-1783-48c9-b480-9181604d0194', 'a452ef93-d79a-40d7-ad14-1190fa11e65b');
INSERT INTO JOB_LISTING_TECHNOLOGY (JOB_LISTING_ID, TECHNOLOGY_ID) VALUES ('85a01e23-1783-48c9-b480-9181604d0194', 'dada90e7-e495-4970-814d-34762d67e28b');
INSERT INTO JOB_LISTING_TECHNOLOGY (JOB_LISTING_ID, TECHNOLOGY_ID) VALUES ('85a01e23-1783-48c9-b480-9181604d0194', '85b2dd43-48d0-458c-b5a6-ecdbd4dae1b3');
INSERT INTO JOB_LISTING_TECHNOLOGY (JOB_LISTING_ID, TECHNOLOGY_ID) VALUES ('85a01e23-1783-48c9-b480-9181604d0194', 'caa2705f-a177-41ae-8fa1-cc6264c17453');
INSERT INTO JOB_LISTING (ID, REGION_ID) VALUES ('b97b318d-1c6f-4020-8fd1-57878e1157ba', 'abfc222c-5ee8-4847-a50d-06a5b095ea25');
INSERT INTO JOB_LISTING_TECHNOLOGY (JOB_LISTING_ID, TECHNOLOGY_ID) VALUES ('b97b318d-1c6f-4020-8fd1-57878e1157ba', 'd37d5595-16b2-4a62-82b0-910a83e0c0be');
INSERT INTO JOB_LISTING_TECHNOLOGY (JOB_LISTING_ID, TECHNOLOGY_ID) VALUES ('b97b318d-1c6f-4020-8fd1-57878e1157ba', '80e1c80f-5f8f-4482-aeac-a1328beb807d');
INSERT INTO JOB_LISTING (ID, REGION_ID) VALUES ('67eac9b3-b1b0-456f-93e2-2621e5d06cd2', 'ff17b5c0-07ca-434d-90cf-85e038f4bdd5');
INSERT INTO JOB_LISTING_TECHNOLOGY (JOB_LISTING_ID, TECHNOLOGY_ID) VALUES ('67eac9b3-b1b0-456f-93e2-2621e5d06cd2', '80e1c80f-5f8f-4482-aeac-a1328beb807d');
INSERT INTO JOB_LISTING_TECHNOLOGY (JOB_LISTING_ID, TECHNOLOGY_ID) VALUES ('67eac9b3-b1b0-456f-93e2-2621e5d06cd2', '12f5b739-b818-4fe2-8fd2-9343a0869892');
INSERT INTO JOB_LISTING_TECHNOLOGY (JOB_LISTING_ID, TECHNOLOGY_ID) VALUES ('67eac9b3-b1b0-456f-93e2-2621e5d06cd2', '85b2dd43-48d0-458c-b5a6-ecdbd4dae1b3');
INSERT INTO JOB_LISTING_TECHNOLOGY (JOB_LISTING_ID, TECHNOLOGY_ID) VALUES ('67eac9b3-b1b0-456f-93e2-2621e5d06cd2', 'd93dd155-2c47-4166-83d5-291fc369a54e');
INSERT INTO JOB_LISTING_TECHNOLOGY (JOB_LISTING_ID, TECHNOLOGY_ID) VALUES ('67eac9b3-b1b0-456f-93e2-2621e5d06cd2', 'f7213740-f29a-4d4d-b232-ff6dc53dfe59');
INSERT INTO JOB_LISTING (ID, REGION_ID) VALUES ('2a35bced-9c63-4a53-afca-4dcf3c6593f4', 'f91ee8cd-d915-4d9b-be2d-4a7e53e586a9');
INSERT INTO JOB_LISTING_TECHNOLOGY (JOB_LISTING_ID, TECHNOLOGY_ID) VALUES ('2a35bced-9c63-4a53-afca-4dcf3c6593f4', 'c77d6801-7e11-496d-a89b-b619d6059730');
INSERT INTO JOB_LISTING_TECHNOLOGY (JOB_LISTING_ID, TECHNOLOGY_ID) VALUES ('2a35bced-9c63-4a53-afca-4dcf3c6593f4', '80e1c80f-5f8f-4482-aeac-a1328beb807d');
INSERT INTO JOB_LISTING_TECHNOLOGY (JOB_LISTING_ID, TECHNOLOGY_ID) VALUES ('2a35bced-9c63-4a53-afca-4dcf3c6593f4', 'f7213740-f29a-4d4d-b232-ff6dc53dfe59');
INSERT INTO JOB_LISTING (ID, REGION_ID) VALUES ('273bff3d-61fc-4212-b815-25f29149db37', 'c7767916-37b7-46df-80c1-d62d0f8c934a');
INSERT INTO JOB_LISTING_TECHNOLOGY (JOB_LISTING_ID, TECHNOLOGY_ID) VALUES ('273bff3d-61fc-4212-b815-25f29149db37', 'd93dd155-2c47-4166-83d5-291fc369a54e');
INSERT INTO JOB_LISTING_TECHNOLOGY (JOB_LISTING_ID, TECHNOLOGY_ID) VALUES ('273bff3d-61fc-4212-b815-25f29149db37', 'f7213740-f29a-4d4d-b232-ff6dc53dfe59');
INSERT INTO JOB_LISTING (ID, REGION_ID) VALUES ('f24c9591-e48a-4142-9ff0-2206bfe21dd3', '75724134-4f6c-4573-83a7-5c512bf75195');
INSERT INTO JOB_LISTING_TECHNOLOGY (JOB_LISTING_ID, TECHNOLOGY_ID) VALUES ('f24c9591-e48a-4142-9ff0-2206bfe21dd3', 'd93dd155-2c47-4166-83d5-291fc369a54e');
INSERT INTO JOB_LISTING_TECHNOLOGY (JOB_LISTING_ID, TECHNOLOGY_ID) VALUES ('f24c9591-e48a-4142-9ff0-2206bfe21dd3', 'dada90e7-e495-4970-814d-34762d67e28b');
INSERT INTO JOB_LISTING_TECHNOLOGY (JOB_LISTING_ID, TECHNOLOGY_ID) VALUES ('f24c9591-e48a-4142-9ff0-2206bfe21dd3', 'c77d6801-7e11-496d-a89b-b619d6059730');
INSERT INTO JOB_LISTING_TECHNOLOGY (JOB_LISTING_ID, TECHNOLOGY_ID) VALUES ('f24c9591-e48a-4142-9ff0-2206bfe21dd3', 'f7213740-f29a-4d4d-b232-ff6dc53dfe59');
INSERT INTO JOB_LISTING (ID, REGION_ID) VALUES ('38e420ed-4eea-4be1-8c82-2b913c33c443', '0fc67f63-1e7a-40d6-8e4a-a911ba5d7203');
INSERT INTO JOB_LISTING_TECHNOLOGY (JOB_LISTING_ID, TECHNOLOGY_ID) VALUES ('38e420ed-4eea-4be1-8c82-2b913c33c443', 'c77d6801-7e11-496d-a89b-b619d6059730');
INSERT INTO JOB_LISTING_TECHNOLOGY (JOB_LISTING_ID, TECHNOLOGY_ID) VALUES ('38e420ed-4eea-4be1-8c82-2b913c33c443', 'd93dd155-2c47-4166-83d5-291fc369a54e');
INSERT INTO JOB_LISTING (ID, REGION_ID) VALUES ('1c71b551-2f9d-4060-b406-d94fd29b56a2', 'd17281b9-c6fc-4aab-86d4-9ab24bb3b6fd');
INSERT INTO JOB_LISTING_TECHNOLOGY (JOB_LISTING_ID, TECHNOLOGY_ID) VALUES ('1c71b551-2f9d-4060-b406-d94fd29b56a2', 'd93dd155-2c47-4166-83d5-291fc369a54e');
INSERT INTO JOB_LISTING_TECHNOLOGY (JOB_LISTING_ID, TECHNOLOGY_ID) VALUES ('1c71b551-2f9d-4060-b406-d94fd29b56a2', 'f7213740-f29a-4d4d-b232-ff6dc53dfe59');
INSERT INTO JOB_LISTING_TECHNOLOGY (JOB_LISTING_ID, TECHNOLOGY_ID) VALUES ('1c71b551-2f9d-4060-b406-d94fd29b56a2', '85b2dd43-48d0-458c-b5a6-ecdbd4dae1b3');
INSERT INTO JOB_LISTING_TECHNOLOGY (JOB_LISTING_ID, TECHNOLOGY_ID) VALUES ('1c71b551-2f9d-4060-b406-d94fd29b56a2', '46582243-11e4-450e-be96-8a01d9a1d304');
INSERT INTO JOB_LISTING (ID, REGION_ID) VALUES ('08bc6427-4b97-4507-8c82-dcc43ed517c6', 'fdb63d77-f427-41bb-96a2-91130f3a0466');
INSERT INTO JOB_LISTING_TECHNOLOGY (JOB_LISTING_ID, TECHNOLOGY_ID) VALUES ('08bc6427-4b97-4507-8c82-dcc43ed517c6', 'd37d5595-16b2-4a62-82b0-910a83e0c0be');
INSERT INTO JOB_LISTING_TECHNOLOGY (JOB_LISTING_ID, TECHNOLOGY_ID) VALUES ('08bc6427-4b97-4507-8c82-dcc43ed517c6', 'd93dd155-2c47-4166-83d5-291fc369a54e');
INSERT INTO JOB_LISTING_TECHNOLOGY (JOB_LISTING_ID, TECHNOLOGY_ID) VALUES ('08bc6427-4b97-4507-8c82-dcc43ed517c6', 'f7213740-f29a-4d4d-b232-ff6dc53dfe59');
INSERT INTO JOB_LISTING_TECHNOLOGY (JOB_LISTING_ID, TECHNOLOGY_ID) VALUES ('08bc6427-4b97-4507-8c82-dcc43ed517c6', 'dada90e7-e495-4970-814d-34762d67e28b');
INSERT INTO JOB_LISTING (ID, REGION_ID) VALUES ('5e62f2ed-9e77-4978-b12f-3adccbafd5bc', 'e6056c00-d6d4-4a39-9cb0-5e7c3751c9f3');
INSERT INTO JOB_LISTING_TECHNOLOGY (JOB_LISTING_ID, TECHNOLOGY_ID) VALUES ('5e62f2ed-9e77-4978-b12f-3adccbafd5bc', 'caa2705f-a177-41ae-8fa1-cc6264c17453');
INSERT INTO JOB_LISTING_TECHNOLOGY (JOB_LISTING_ID, TECHNOLOGY_ID) VALUES ('5e62f2ed-9e77-4978-b12f-3adccbafd5bc', 'd93dd155-2c47-4166-83d5-291fc369a54e');
INSERT INTO JOB_LISTING_TECHNOLOGY (JOB_LISTING_ID, TECHNOLOGY_ID) VALUES ('5e62f2ed-9e77-4978-b12f-3adccbafd5bc', '80e1c80f-5f8f-4482-aeac-a1328beb807d');
INSERT INTO JOB_LISTING_TECHNOLOGY (JOB_LISTING_ID, TECHNOLOGY_ID) VALUES ('5e62f2ed-9e77-4978-b12f-3adccbafd5bc', '12f5b739-b818-4fe2-8fd2-9343a0869892');
INSERT INTO JOB_LISTING (ID, REGION_ID) VALUES ('d81842b3-5207-49dc-a19e-ca5cd30da780', '8f210672-db08-4e81-b492-d69dd03adb6b');
INSERT INTO JOB_LISTING_TECHNOLOGY (JOB_LISTING_ID, TECHNOLOGY_ID) VALUES ('d81842b3-5207-49dc-a19e-ca5cd30da780', 'f7213740-f29a-4d4d-b232-ff6dc53dfe59');
INSERT INTO JOB_LISTING_TECHNOLOGY (JOB_LISTING_ID, TECHNOLOGY_ID) VALUES ('d81842b3-5207-49dc-a19e-ca5cd30da780', '80e1c80f-5f8f-4482-aeac-a1328beb807d');
INSERT INTO JOB_LISTING (ID, REGION_ID) VALUES ('005842a7-18b9-41a4-88a3-a189fee530cb', 'eb81d4f5-05de-40d0-85cc-ba5b5006a277');
INSERT INTO JOB_LISTING_TECHNOLOGY (JOB_LISTING_ID, TECHNOLOGY_ID) VALUES ('005842a7-18b9-41a4-88a3-a189fee530cb', 'd93dd155-2c47-4166-83d5-291fc369a54e');
INSERT INTO JOB_LISTING_TECHNOLOGY (JOB_LISTING_ID, TECHNOLOGY_ID) VALUES ('005842a7-18b9-41a4-88a3-a189fee530cb', 'caa2705f-a177-41ae-8fa1-cc6264c17453');
INSERT INTO JOB_LISTING_TECHNOLOGY (JOB_LISTING_ID, TECHNOLOGY_ID) VALUES ('005842a7-18b9-41a4-88a3-a189fee530cb', '46582243-11e4-450e-be96-8a01d9a1d304');
INSERT INTO JOB_LISTING_TECHNOLOGY (JOB_LISTING_ID, TECHNOLOGY_ID) VALUES ('005842a7-18b9-41a4-88a3-a189fee530cb', '12f5b739-b818-4fe2-8fd2-9343a0869892');
INSERT INTO JOB_LISTING_TECHNOLOGY (JOB_LISTING_ID, TECHNOLOGY_ID) VALUES ('005842a7-18b9-41a4-88a3-a189fee530cb', 'f7213740-f29a-4d4d-b232-ff6dc53dfe59');
INSERT INTO JOB_LISTING (ID, REGION_ID) VALUES ('cb44c3eb-e511-473b-8c4e-7173e05087da', 'd340f5b0-5115-49fe-a743-c78604ee56ff');
INSERT INTO JOB_LISTING_TECHNOLOGY (JOB_LISTING_ID, TECHNOLOGY_ID) VALUES ('cb44c3eb-e511-473b-8c4e-7173e05087da', 'c77d6801-7e11-496d-a89b-b619d6059730');
INSERT INTO JOB_LISTING_TECHNOLOGY (JOB_LISTING_ID, TECHNOLOGY_ID) VALUES ('cb44c3eb-e511-473b-8c4e-7173e05087da', '12f5b739-b818-4fe2-8fd2-9343a0869892');
INSERT INTO JOB_LISTING_TECHNOLOGY (JOB_LISTING_ID, TECHNOLOGY_ID) VALUES ('cb44c3eb-e511-473b-8c4e-7173e05087da', 'd37d5595-16b2-4a62-82b0-910a83e0c0be');
INSERT INTO JOB_LISTING (ID, REGION_ID) VALUES ('592db5ca-4be7-48a6-8d46-17e330776a31', 'd9907675-7b6f-4aa5-9380-d31613198062');
INSERT INTO JOB_LISTING_TECHNOLOGY (JOB_LISTING_ID, TECHNOLOGY_ID) VALUES ('592db5ca-4be7-48a6-8d46-17e330776a31', 'd93dd155-2c47-4166-83d5-291fc369a54e');
INSERT INTO JOB_LISTING_TECHNOLOGY (JOB_LISTING_ID, TECHNOLOGY_ID) VALUES ('592db5ca-4be7-48a6-8d46-17e330776a31', '12f5b739-b818-4fe2-8fd2-9343a0869892');
INSERT INTO JOB_LISTING_TECHNOLOGY (JOB_LISTING_ID, TECHNOLOGY_ID) VALUES ('592db5ca-4be7-48a6-8d46-17e330776a31', 'd37d5595-16b2-4a62-82b0-910a83e0c0be');
INSERT INTO JOB_LISTING_TECHNOLOGY (JOB_LISTING_ID, TECHNOLOGY_ID) VALUES ('592db5ca-4be7-48a6-8d46-17e330776a31', '46582243-11e4-450e-be96-8a01d9a1d304');
INSERT INTO JOB_LISTING_TECHNOLOGY (JOB_LISTING_ID, TECHNOLOGY_ID) VALUES ('592db5ca-4be7-48a6-8d46-17e330776a31', 'dada90e7-e495-4970-814d-34762d67e28b');
INSERT INTO JOB_LISTING (ID, REGION_ID) VALUES ('4d52b2e3-2e1a-4d1d-aeee-6771f3c8173f', '84162474-f46d-4f9e-a9ea-c82ddaf33a84');
INSERT INTO JOB_LISTING_TECHNOLOGY (JOB_LISTING_ID, TECHNOLOGY_ID) VALUES ('4d52b2e3-2e1a-4d1d-aeee-6771f3c8173f', '80e1c80f-5f8f-4482-aeac-a1328beb807d');
INSERT INTO JOB_LISTING_TECHNOLOGY (JOB_LISTING_ID, TECHNOLOGY_ID) VALUES ('4d52b2e3-2e1a-4d1d-aeee-6771f3c8173f', 'd93dd155-2c47-4166-83d5-291fc369a54e');
INSERT INTO JOB_LISTING_TECHNOLOGY (JOB_LISTING_ID, TECHNOLOGY_ID) VALUES ('4d52b2e3-2e1a-4d1d-aeee-6771f3c8173f', 'c77d6801-7e11-496d-a89b-b619d6059730');
INSERT INTO JOB_LISTING_TECHNOLOGY (JOB_LISTING_ID, TECHNOLOGY_ID) VALUES ('4d52b2e3-2e1a-4d1d-aeee-6771f3c8173f', '12f5b739-b818-4fe2-8fd2-9343a0869892');
INSERT INTO JOB_LISTING (ID, REGION_ID) VALUES ('03f30be5-ef11-4074-bec6-52aa16dc09ed', '1ea66abe-b09a-473d-a896-3da9d279178f');
INSERT INTO JOB_LISTING_TECHNOLOGY (JOB_LISTING_ID, TECHNOLOGY_ID) VALUES ('03f30be5-ef11-4074-bec6-52aa16dc09ed', 'd37d5595-16b2-4a62-82b0-910a83e0c0be');
INSERT INTO JOB_LISTING_TECHNOLOGY (JOB_LISTING_ID, TECHNOLOGY_ID) VALUES ('03f30be5-ef11-4074-bec6-52aa16dc09ed', '85b2dd43-48d0-458c-b5a6-ecdbd4dae1b3');
INSERT INTO JOB_LISTING (ID, REGION_ID) VALUES ('7a9d6543-f978-4ca9-a062-029d10f16131', '0b992576-0429-4315-a3d3-f5f3350479c5');
INSERT INTO JOB_LISTING_TECHNOLOGY (JOB_LISTING_ID, TECHNOLOGY_ID) VALUES ('7a9d6543-f978-4ca9-a062-029d10f16131', 'dada90e7-e495-4970-814d-34762d67e28b');
INSERT INTO JOB_LISTING_TECHNOLOGY (JOB_LISTING_ID, TECHNOLOGY_ID) VALUES ('7a9d6543-f978-4ca9-a062-029d10f16131', 'd37d5595-16b2-4a62-82b0-910a83e0c0be');
INSERT INTO JOB_LISTING_TECHNOLOGY (JOB_LISTING_ID, TECHNOLOGY_ID) VALUES ('7a9d6543-f978-4ca9-a062-029d10f16131', '80e1c80f-5f8f-4482-aeac-a1328beb807d');
INSERT INTO JOB_LISTING_TECHNOLOGY (JOB_LISTING_ID, TECHNOLOGY_ID) VALUES ('7a9d6543-f978-4ca9-a062-029d10f16131', 'd93dd155-2c47-4166-83d5-291fc369a54e');
INSERT INTO JOB_LISTING (ID, REGION_ID) VALUES ('2b24d845-6557-46d8-8913-03ce92a27e20', '3c69db27-3d1d-492f-ae73-67ac9bdeec94');
INSERT INTO JOB_LISTING_TECHNOLOGY (JOB_LISTING_ID, TECHNOLOGY_ID) VALUES ('2b24d845-6557-46d8-8913-03ce92a27e20', '80e1c80f-5f8f-4482-aeac-a1328beb807d');
INSERT INTO JOB_LISTING_TECHNOLOGY (JOB_LISTING_ID, TECHNOLOGY_ID) VALUES ('2b24d845-6557-46d8-8913-03ce92a27e20', '12f5b739-b818-4fe2-8fd2-9343a0869892');
INSERT INTO JOB_LISTING_TECHNOLOGY (JOB_LISTING_ID, TECHNOLOGY_ID) VALUES ('2b24d845-6557-46d8-8913-03ce92a27e20', 'd37d5595-16b2-4a62-82b0-910a83e0c0be');
INSERT INTO JOB_LISTING_TECHNOLOGY (JOB_LISTING_ID, TECHNOLOGY_ID) VALUES ('2b24d845-6557-46d8-8913-03ce92a27e20', 'caa2705f-a177-41ae-8fa1-cc6264c17453');
INSERT INTO JOB_LISTING (ID, REGION_ID) VALUES ('5821936e-7cb3-45d8-af9a-ecc2dc3f09ab', '9921c27d-8548-4c8e-b672-bc12c7454998');
INSERT INTO JOB_LISTING_TECHNOLOGY (JOB_LISTING_ID, TECHNOLOGY_ID) VALUES ('5821936e-7cb3-45d8-af9a-ecc2dc3f09ab', '85b2dd43-48d0-458c-b5a6-ecdbd4dae1b3');
INSERT INTO JOB_LISTING_TECHNOLOGY (JOB_LISTING_ID, TECHNOLOGY_ID) VALUES ('5821936e-7cb3-45d8-af9a-ecc2dc3f09ab', 'd37d5595-16b2-4a62-82b0-910a83e0c0be');
INSERT INTO JOB_LISTING_TECHNOLOGY (JOB_LISTING_ID, TECHNOLOGY_ID) VALUES ('5821936e-7cb3-45d8-af9a-ecc2dc3f09ab', 'caa2705f-a177-41ae-8fa1-cc6264c17453');
INSERT INTO JOB_LISTING_TECHNOLOGY (JOB_LISTING_ID, TECHNOLOGY_ID) VALUES ('5821936e-7cb3-45d8-af9a-ecc2dc3f09ab', 'dada90e7-e495-4970-814d-34762d67e28b');
INSERT INTO JOB_LISTING (ID, REGION_ID) VALUES ('40715fde-16cc-44d0-a89e-3304f3144517', '590a5a5d-110e-4c48-aad8-0d49a41f4d87');
INSERT INTO JOB_LISTING_TECHNOLOGY (JOB_LISTING_ID, TECHNOLOGY_ID) VALUES ('40715fde-16cc-44d0-a89e-3304f3144517', 'd93dd155-2c47-4166-83d5-291fc369a54e');
INSERT INTO JOB_LISTING_TECHNOLOGY (JOB_LISTING_ID, TECHNOLOGY_ID) VALUES ('40715fde-16cc-44d0-a89e-3304f3144517', 'c77d6801-7e11-496d-a89b-b619d6059730');
INSERT INTO JOB_LISTING_TECHNOLOGY (JOB_LISTING_ID, TECHNOLOGY_ID) VALUES ('40715fde-16cc-44d0-a89e-3304f3144517', 'dada90e7-e495-4970-814d-34762d67e28b');
INSERT INTO JOB_LISTING_TECHNOLOGY (JOB_LISTING_ID, TECHNOLOGY_ID) VALUES ('40715fde-16cc-44d0-a89e-3304f3144517', '80e1c80f-5f8f-4482-aeac-a1328beb807d');
INSERT INTO JOB_LISTING_TECHNOLOGY (JOB_LISTING_ID, TECHNOLOGY_ID) VALUES ('40715fde-16cc-44d0-a89e-3304f3144517', '85b2dd43-48d0-458c-b5a6-ecdbd4dae1b3');
INSERT INTO JOB_LISTING (ID, REGION_ID) VALUES ('b1a583e1-e553-4b07-8753-2ca27e3dcfa9', '9076b84e-416e-470a-9511-88423e390ee5');
INSERT INTO JOB_LISTING_TECHNOLOGY (JOB_LISTING_ID, TECHNOLOGY_ID) VALUES ('b1a583e1-e553-4b07-8753-2ca27e3dcfa9', 'd37d5595-16b2-4a62-82b0-910a83e0c0be');
INSERT INTO JOB_LISTING_TECHNOLOGY (JOB_LISTING_ID, TECHNOLOGY_ID) VALUES ('b1a583e1-e553-4b07-8753-2ca27e3dcfa9', 'd93dd155-2c47-4166-83d5-291fc369a54e');
INSERT INTO JOB_LISTING_TECHNOLOGY (JOB_LISTING_ID, TECHNOLOGY_ID) VALUES ('b1a583e1-e553-4b07-8753-2ca27e3dcfa9', 'f7213740-f29a-4d4d-b232-ff6dc53dfe59');
INSERT INTO JOB_LISTING_TECHNOLOGY (JOB_LISTING_ID, TECHNOLOGY_ID) VALUES ('b1a583e1-e553-4b07-8753-2ca27e3dcfa9', '85b2dd43-48d0-458c-b5a6-ecdbd4dae1b3');
INSERT INTO JOB_LISTING (ID, REGION_ID) VALUES ('86e47d31-d6a3-476b-949f-1b1e90bd69a4', '617e438c-3e35-4556-ae96-0708a74fb099');
INSERT INTO JOB_LISTING_TECHNOLOGY (JOB_LISTING_ID, TECHNOLOGY_ID) VALUES ('86e47d31-d6a3-476b-949f-1b1e90bd69a4', 'd37d5595-16b2-4a62-82b0-910a83e0c0be');
INSERT INTO JOB_LISTING_TECHNOLOGY (JOB_LISTING_ID, TECHNOLOGY_ID) VALUES ('86e47d31-d6a3-476b-949f-1b1e90bd69a4', '80e1c80f-5f8f-4482-aeac-a1328beb807d');
INSERT INTO JOB_LISTING_TECHNOLOGY (JOB_LISTING_ID, TECHNOLOGY_ID) VALUES ('86e47d31-d6a3-476b-949f-1b1e90bd69a4', 'dada90e7-e495-4970-814d-34762d67e28b');
INSERT INTO JOB_LISTING_TECHNOLOGY (JOB_LISTING_ID, TECHNOLOGY_ID) VALUES ('86e47d31-d6a3-476b-949f-1b1e90bd69a4', 'c77d6801-7e11-496d-a89b-b619d6059730');
INSERT INTO JOB_LISTING (ID, REGION_ID) VALUES ('d580529f-951d-44e0-a3ba-f7bc7167dafc', '1c6b837b-7115-413d-acdf-e9bb729d2555');
INSERT INTO JOB_LISTING_TECHNOLOGY (JOB_LISTING_ID, TECHNOLOGY_ID) VALUES ('d580529f-951d-44e0-a3ba-f7bc7167dafc', 'dada90e7-e495-4970-814d-34762d67e28b');
INSERT INTO JOB_LISTING_TECHNOLOGY (JOB_LISTING_ID, TECHNOLOGY_ID) VALUES ('d580529f-951d-44e0-a3ba-f7bc7167dafc', 'caa2705f-a177-41ae-8fa1-cc6264c17453');
INSERT INTO JOB_LISTING_TECHNOLOGY (JOB_LISTING_ID, TECHNOLOGY_ID) VALUES ('d580529f-951d-44e0-a3ba-f7bc7167dafc', 'c77d6801-7e11-496d-a89b-b619d6059730');
INSERT INTO JOB_LISTING_TECHNOLOGY (JOB_LISTING_ID, TECHNOLOGY_ID) VALUES ('d580529f-951d-44e0-a3ba-f7bc7167dafc', '85b2dd43-48d0-458c-b5a6-ecdbd4dae1b3');
INSERT INTO JOB_LISTING (ID, REGION_ID) VALUES ('4a98df6f-aec2-4405-8387-f12d7a842212', '1faffd78-fe8d-4525-a3a1-82a7ccb2e4f5');
INSERT INTO JOB_LISTING_TECHNOLOGY (JOB_LISTING_ID, TECHNOLOGY_ID) VALUES ('4a98df6f-aec2-4405-8387-f12d7a842212', 'dada90e7-e495-4970-814d-34762d67e28b');
INSERT INTO JOB_LISTING_TECHNOLOGY (JOB_LISTING_ID, TECHNOLOGY_ID) VALUES ('4a98df6f-aec2-4405-8387-f12d7a842212', 'c77d6801-7e11-496d-a89b-b619d6059730');
INSERT INTO JOB_LISTING_TECHNOLOGY (JOB_LISTING_ID, TECHNOLOGY_ID) VALUES ('4a98df6f-aec2-4405-8387-f12d7a842212', '46582243-11e4-450e-be96-8a01d9a1d304');
INSERT INTO JOB_LISTING_TECHNOLOGY (JOB_LISTING_ID, TECHNOLOGY_ID) VALUES ('4a98df6f-aec2-4405-8387-f12d7a842212', '12f5b739-b818-4fe2-8fd2-9343a0869892');
INSERT INTO JOB_LISTING_TECHNOLOGY (JOB_LISTING_ID, TECHNOLOGY_ID) VALUES ('4a98df6f-aec2-4405-8387-f12d7a842212', 'caa2705f-a177-41ae-8fa1-cc6264c17453');
INSERT INTO JOB_LISTING (ID, REGION_ID) VALUES ('daa90bcf-d05b-47b8-a117-d0b20e1348ed', 'eceaa8b9-3b66-4bf9-8dee-28ad2dcee356');
INSERT INTO JOB_LISTING_TECHNOLOGY (JOB_LISTING_ID, TECHNOLOGY_ID) VALUES ('daa90bcf-d05b-47b8-a117-d0b20e1348ed', 'f7213740-f29a-4d4d-b232-ff6dc53dfe59');
INSERT INTO JOB_LISTING_TECHNOLOGY (JOB_LISTING_ID, TECHNOLOGY_ID) VALUES ('daa90bcf-d05b-47b8-a117-d0b20e1348ed', 'd93dd155-2c47-4166-83d5-291fc369a54e');
INSERT INTO JOB_LISTING (ID, REGION_ID) VALUES ('44104ebd-e6dc-402b-aad9-cb1905a494ea', '205585ce-5eb8-4242-8926-0ab53ab82514');
INSERT INTO JOB_LISTING_TECHNOLOGY (JOB_LISTING_ID, TECHNOLOGY_ID) VALUES ('44104ebd-e6dc-402b-aad9-cb1905a494ea', 'c77d6801-7e11-496d-a89b-b619d6059730');
INSERT INTO JOB_LISTING_TECHNOLOGY (JOB_LISTING_ID, TECHNOLOGY_ID) VALUES ('44104ebd-e6dc-402b-aad9-cb1905a494ea', '85b2dd43-48d0-458c-b5a6-ecdbd4dae1b3');
INSERT INTO JOB_LISTING_TECHNOLOGY (JOB_LISTING_ID, TECHNOLOGY_ID) VALUES ('44104ebd-e6dc-402b-aad9-cb1905a494ea', '46582243-11e4-450e-be96-8a01d9a1d304');
INSERT INTO JOB_LISTING_TECHNOLOGY (JOB_LISTING_ID, TECHNOLOGY_ID) VALUES ('44104ebd-e6dc-402b-aad9-cb1905a494ea', 'dada90e7-e495-4970-814d-34762d67e28b');
INSERT INTO JOB_LISTING (ID, REGION_ID) VALUES ('52827791-3429-4689-95f1-1ddd0e453d61', 'b27dce47-bb60-451c-bc08-92d976c2518a');
INSERT INTO JOB_LISTING_TECHNOLOGY (JOB_LISTING_ID, TECHNOLOGY_ID) VALUES ('52827791-3429-4689-95f1-1ddd0e453d61', 'caa2705f-a177-41ae-8fa1-cc6264c17453');
INSERT INTO JOB_LISTING_TECHNOLOGY (JOB_LISTING_ID, TECHNOLOGY_ID) VALUES ('52827791-3429-4689-95f1-1ddd0e453d61', 'f7213740-f29a-4d4d-b232-ff6dc53dfe59');
INSERT INTO JOB_LISTING_TECHNOLOGY (JOB_LISTING_ID, TECHNOLOGY_ID) VALUES ('52827791-3429-4689-95f1-1ddd0e453d61', '85b2dd43-48d0-458c-b5a6-ecdbd4dae1b3');
INSERT INTO JOB_LISTING (ID, REGION_ID) VALUES ('1db1710e-066f-4782-b88e-e53248228f2a', 'a452ef93-d79a-40d7-ad14-1190fa11e65b');
INSERT INTO JOB_LISTING_TECHNOLOGY (JOB_LISTING_ID, TECHNOLOGY_ID) VALUES ('1db1710e-066f-4782-b88e-e53248228f2a', 'd37d5595-16b2-4a62-82b0-910a83e0c0be');
INSERT INTO JOB_LISTING_TECHNOLOGY (JOB_LISTING_ID, TECHNOLOGY_ID) VALUES ('1db1710e-066f-4782-b88e-e53248228f2a', '80e1c80f-5f8f-4482-aeac-a1328beb807d');
INSERT INTO JOB_LISTING_TECHNOLOGY (JOB_LISTING_ID, TECHNOLOGY_ID) VALUES ('1db1710e-066f-4782-b88e-e53248228f2a', 'c77d6801-7e11-496d-a89b-b619d6059730');
INSERT INTO JOB_LISTING_TECHNOLOGY (JOB_LISTING_ID, TECHNOLOGY_ID) VALUES ('1db1710e-066f-4782-b88e-e53248228f2a', 'd93dd155-2c47-4166-83d5-291fc369a54e');
INSERT INTO JOB_LISTING_TECHNOLOGY (JOB_LISTING_ID, TECHNOLOGY_ID) VALUES ('1db1710e-066f-4782-b88e-e53248228f2a', '12f5b739-b818-4fe2-8fd2-9343a0869892');
INSERT INTO JOB_LISTING (ID, REGION_ID) VALUES ('7134da9c-0861-4710-bbdc-5e28b28b1ef2', 'abfc222c-5ee8-4847-a50d-06a5b095ea25');
INSERT INTO JOB_LISTING_TECHNOLOGY (JOB_LISTING_ID, TECHNOLOGY_ID) VALUES ('7134da9c-0861-4710-bbdc-5e28b28b1ef2', 'd93dd155-2c47-4166-83d5-291fc369a54e');
INSERT INTO JOB_LISTING_TECHNOLOGY (JOB_LISTING_ID, TECHNOLOGY_ID) VALUES ('7134da9c-0861-4710-bbdc-5e28b28b1ef2', 'c77d6801-7e11-496d-a89b-b619d6059730');
INSERT INTO JOB_LISTING (ID, REGION_ID) VALUES ('19c35ae5-3bf9-4cba-89de-423c4699a96a', 'ff17b5c0-07ca-434d-90cf-85e038f4bdd5');
INSERT INTO JOB_LISTING_TECHNOLOGY (JOB_LISTING_ID, TECHNOLOGY_ID) VALUES ('19c35ae5-3bf9-4cba-89de-423c4699a96a', '85b2dd43-48d0-458c-b5a6-ecdbd4dae1b3');
INSERT INTO JOB_LISTING_TECHNOLOGY (JOB_LISTING_ID, TECHNOLOGY_ID) VALUES ('19c35ae5-3bf9-4cba-89de-423c4699a96a', 'f7213740-f29a-4d4d-b232-ff6dc53dfe59');
INSERT INTO JOB_LISTING_TECHNOLOGY (JOB_LISTING_ID, TECHNOLOGY_ID) VALUES ('19c35ae5-3bf9-4cba-89de-423c4699a96a', '12f5b739-b818-4fe2-8fd2-9343a0869892');
INSERT INTO JOB_LISTING_TECHNOLOGY (JOB_LISTING_ID, TECHNOLOGY_ID) VALUES ('19c35ae5-3bf9-4cba-89de-423c4699a96a', 'dada90e7-e495-4970-814d-34762d67e28b');
INSERT INTO JOB_LISTING_TECHNOLOGY (JOB_LISTING_ID, TECHNOLOGY_ID) VALUES ('19c35ae5-3bf9-4cba-89de-423c4699a96a', 'd37d5595-16b2-4a62-82b0-910a83e0c0be');
INSERT INTO JOB_LISTING (ID, REGION_ID) VALUES ('8b2c1a17-c048-4efa-aa0b-3d37151aca50', 'f91ee8cd-d915-4d9b-be2d-4a7e53e586a9');
INSERT INTO JOB_LISTING_TECHNOLOGY (JOB_LISTING_ID, TECHNOLOGY_ID) VALUES ('8b2c1a17-c048-4efa-aa0b-3d37151aca50', 'c77d6801-7e11-496d-a89b-b619d6059730');
INSERT INTO JOB_LISTING_TECHNOLOGY (JOB_LISTING_ID, TECHNOLOGY_ID) VALUES ('8b2c1a17-c048-4efa-aa0b-3d37151aca50', '85b2dd43-48d0-458c-b5a6-ecdbd4dae1b3');
INSERT INTO JOB_LISTING_TECHNOLOGY (JOB_LISTING_ID, TECHNOLOGY_ID) VALUES ('8b2c1a17-c048-4efa-aa0b-3d37151aca50', 'f7213740-f29a-4d4d-b232-ff6dc53dfe59');
INSERT INTO JOB_LISTING_TECHNOLOGY (JOB_LISTING_ID, TECHNOLOGY_ID) VALUES ('8b2c1a17-c048-4efa-aa0b-3d37151aca50', '12f5b739-b818-4fe2-8fd2-9343a0869892');
INSERT INTO JOB_LISTING_TECHNOLOGY (JOB_LISTING_ID, TECHNOLOGY_ID) VALUES ('8b2c1a17-c048-4efa-aa0b-3d37151aca50', '80e1c80f-5f8f-4482-aeac-a1328beb807d');
INSERT INTO JOB_LISTING (ID, REGION_ID) VALUES ('02cc46ad-0cb0-4e38-96d0-c89f5a38d72c', 'c7767916-37b7-46df-80c1-d62d0f8c934a');
INSERT INTO JOB_LISTING_TECHNOLOGY (JOB_LISTING_ID, TECHNOLOGY_ID) VALUES ('02cc46ad-0cb0-4e38-96d0-c89f5a38d72c', 'c77d6801-7e11-496d-a89b-b619d6059730');
INSERT INTO JOB_LISTING_TECHNOLOGY (JOB_LISTING_ID, TECHNOLOGY_ID) VALUES ('02cc46ad-0cb0-4e38-96d0-c89f5a38d72c', 'd37d5595-16b2-4a62-82b0-910a83e0c0be');
INSERT INTO JOB_LISTING_TECHNOLOGY (JOB_LISTING_ID, TECHNOLOGY_ID) VALUES ('02cc46ad-0cb0-4e38-96d0-c89f5a38d72c', '12f5b739-b818-4fe2-8fd2-9343a0869892');
INSERT INTO JOB_LISTING_TECHNOLOGY (JOB_LISTING_ID, TECHNOLOGY_ID) VALUES ('02cc46ad-0cb0-4e38-96d0-c89f5a38d72c', 'caa2705f-a177-41ae-8fa1-cc6264c17453');
INSERT INTO JOB_LISTING (ID, REGION_ID) VALUES ('a7631f88-8141-4cb8-b44a-4e84e483762e', '75724134-4f6c-4573-83a7-5c512bf75195');
INSERT INTO JOB_LISTING_TECHNOLOGY (JOB_LISTING_ID, TECHNOLOGY_ID) VALUES ('a7631f88-8141-4cb8-b44a-4e84e483762e', 'dada90e7-e495-4970-814d-34762d67e28b');
INSERT INTO JOB_LISTING_TECHNOLOGY (JOB_LISTING_ID, TECHNOLOGY_ID) VALUES ('a7631f88-8141-4cb8-b44a-4e84e483762e', '12f5b739-b818-4fe2-8fd2-9343a0869892');
INSERT INTO JOB_LISTING_TECHNOLOGY (JOB_LISTING_ID, TECHNOLOGY_ID) VALUES ('a7631f88-8141-4cb8-b44a-4e84e483762e', 'c77d6801-7e11-496d-a89b-b619d6059730');
INSERT INTO JOB_LISTING (ID, REGION_ID) VALUES ('f463bec4-2578-4068-a428-e6f37782704e', '0fc67f63-1e7a-40d6-8e4a-a911ba5d7203');
INSERT INTO JOB_LISTING_TECHNOLOGY (JOB_LISTING_ID, TECHNOLOGY_ID) VALUES ('f463bec4-2578-4068-a428-e6f37782704e', '12f5b739-b818-4fe2-8fd2-9343a0869892');
INSERT INTO JOB_LISTING_TECHNOLOGY (JOB_LISTING_ID, TECHNOLOGY_ID) VALUES ('f463bec4-2578-4068-a428-e6f37782704e', '85b2dd43-48d0-458c-b5a6-ecdbd4dae1b3');
INSERT INTO JOB_LISTING_TECHNOLOGY (JOB_LISTING_ID, TECHNOLOGY_ID) VALUES ('f463bec4-2578-4068-a428-e6f37782704e', 'c77d6801-7e11-496d-a89b-b619d6059730');
INSERT INTO JOB_LISTING (ID, REGION_ID) VALUES ('eb43fc8a-421c-4c33-a5fb-219880ae2bbb', 'd17281b9-c6fc-4aab-86d4-9ab24bb3b6fd');
INSERT INTO JOB_LISTING_TECHNOLOGY (JOB_LISTING_ID, TECHNOLOGY_ID) VALUES ('eb43fc8a-421c-4c33-a5fb-219880ae2bbb', 'caa2705f-a177-41ae-8fa1-cc6264c17453');
INSERT INTO JOB_LISTING_TECHNOLOGY (JOB_LISTING_ID, TECHNOLOGY_ID) VALUES ('eb43fc8a-421c-4c33-a5fb-219880ae2bbb', 'f7213740-f29a-4d4d-b232-ff6dc53dfe59');
INSERT INTO JOB_LISTING_TECHNOLOGY (JOB_LISTING_ID, TECHNOLOGY_ID) VALUES ('eb43fc8a-421c-4c33-a5fb-219880ae2bbb', '80e1c80f-5f8f-4482-aeac-a1328beb807d');
INSERT INTO JOB_LISTING (ID, REGION_ID) VALUES ('43ac3e8e-9c92-4c83-ade0-9ea27e02c9e6', 'fdb63d77-f427-41bb-96a2-91130f3a0466');
INSERT INTO JOB_LISTING_TECHNOLOGY (JOB_LISTING_ID, TECHNOLOGY_ID) VALUES ('43ac3e8e-9c92-4c83-ade0-9ea27e02c9e6', '46582243-11e4-450e-be96-8a01d9a1d304');
INSERT INTO JOB_LISTING_TECHNOLOGY (JOB_LISTING_ID, TECHNOLOGY_ID) VALUES ('43ac3e8e-9c92-4c83-ade0-9ea27e02c9e6', '12f5b739-b818-4fe2-8fd2-9343a0869892');
INSERT INTO JOB_LISTING (ID, REGION_ID) VALUES ('c4d970ef-da1e-44dc-a489-be6d7d78b734', 'e6056c00-d6d4-4a39-9cb0-5e7c3751c9f3');
INSERT INTO JOB_LISTING_TECHNOLOGY (JOB_LISTING_ID, TECHNOLOGY_ID) VALUES ('c4d970ef-da1e-44dc-a489-be6d7d78b734', 'd93dd155-2c47-4166-83d5-291fc369a54e');
INSERT INTO JOB_LISTING_TECHNOLOGY (JOB_LISTING_ID, TECHNOLOGY_ID) VALUES ('c4d970ef-da1e-44dc-a489-be6d7d78b734', 'f7213740-f29a-4d4d-b232-ff6dc53dfe59');
INSERT INTO JOB_LISTING_TECHNOLOGY (JOB_LISTING_ID, TECHNOLOGY_ID) VALUES ('c4d970ef-da1e-44dc-a489-be6d7d78b734', '12f5b739-b818-4fe2-8fd2-9343a0869892');
INSERT INTO JOB_LISTING (ID, REGION_ID) VALUES ('95288423-3c35-4192-af4d-9f5f8b932b28', '8f210672-db08-4e81-b492-d69dd03adb6b');
INSERT INTO JOB_LISTING_TECHNOLOGY (JOB_LISTING_ID, TECHNOLOGY_ID) VALUES ('95288423-3c35-4192-af4d-9f5f8b932b28', 'dada90e7-e495-4970-814d-34762d67e28b');
INSERT INTO JOB_LISTING_TECHNOLOGY (JOB_LISTING_ID, TECHNOLOGY_ID) VALUES ('95288423-3c35-4192-af4d-9f5f8b932b28', 'd93dd155-2c47-4166-83d5-291fc369a54e');
INSERT INTO JOB_LISTING (ID, REGION_ID) VALUES ('c41dad7e-55cf-4d8e-b6b3-8153ba7ead98', 'eb81d4f5-05de-40d0-85cc-ba5b5006a277');
INSERT INTO JOB_LISTING_TECHNOLOGY (JOB_LISTING_ID, TECHNOLOGY_ID) VALUES ('c41dad7e-55cf-4d8e-b6b3-8153ba7ead98', '12f5b739-b818-4fe2-8fd2-9343a0869892');
INSERT INTO JOB_LISTING_TECHNOLOGY (JOB_LISTING_ID, TECHNOLOGY_ID) VALUES ('c41dad7e-55cf-4d8e-b6b3-8153ba7ead98', 'd37d5595-16b2-4a62-82b0-910a83e0c0be');
INSERT INTO JOB_LISTING_TECHNOLOGY (JOB_LISTING_ID, TECHNOLOGY_ID) VALUES ('c41dad7e-55cf-4d8e-b6b3-8153ba7ead98', 'd93dd155-2c47-4166-83d5-291fc369a54e');
INSERT INTO JOB_LISTING_TECHNOLOGY (JOB_LISTING_ID, TECHNOLOGY_ID) VALUES ('c41dad7e-55cf-4d8e-b6b3-8153ba7ead98', 'f7213740-f29a-4d4d-b232-ff6dc53dfe59');
INSERT INTO JOB_LISTING_TECHNOLOGY (JOB_LISTING_ID, TECHNOLOGY_ID) VALUES ('c41dad7e-55cf-4d8e-b6b3-8153ba7ead98', 'caa2705f-a177-41ae-8fa1-cc6264c17453');
INSERT INTO JOB_LISTING (ID, REGION_ID) VALUES ('623c61bd-e76d-4450-815f-13e4ff0b0162', 'd340f5b0-5115-49fe-a743-c78604ee56ff');
INSERT INTO JOB_LISTING_TECHNOLOGY (JOB_LISTING_ID, TECHNOLOGY_ID) VALUES ('623c61bd-e76d-4450-815f-13e4ff0b0162', 'c77d6801-7e11-496d-a89b-b619d6059730');
INSERT INTO JOB_LISTING_TECHNOLOGY (JOB_LISTING_ID, TECHNOLOGY_ID) VALUES ('623c61bd-e76d-4450-815f-13e4ff0b0162', 'd37d5595-16b2-4a62-82b0-910a83e0c0be');
INSERT INTO JOB_LISTING (ID, REGION_ID) VALUES ('87cd542e-e76f-4514-9832-145a24893d79', 'd9907675-7b6f-4aa5-9380-d31613198062');
INSERT INTO JOB_LISTING_TECHNOLOGY (JOB_LISTING_ID, TECHNOLOGY_ID) VALUES ('87cd542e-e76f-4514-9832-145a24893d79', 'c77d6801-7e11-496d-a89b-b619d6059730');
INSERT INTO JOB_LISTING_TECHNOLOGY (JOB_LISTING_ID, TECHNOLOGY_ID) VALUES ('87cd542e-e76f-4514-9832-145a24893d79', '80e1c80f-5f8f-4482-aeac-a1328beb807d');
INSERT INTO JOB_LISTING_TECHNOLOGY (JOB_LISTING_ID, TECHNOLOGY_ID) VALUES ('87cd542e-e76f-4514-9832-145a24893d79', 'd37d5595-16b2-4a62-82b0-910a83e0c0be');
INSERT INTO JOB_LISTING (ID, REGION_ID) VALUES ('26a96758-df3a-4510-9a83-f6b171fc427f', '84162474-f46d-4f9e-a9ea-c82ddaf33a84');
INSERT INTO JOB_LISTING_TECHNOLOGY (JOB_LISTING_ID, TECHNOLOGY_ID) VALUES ('26a96758-df3a-4510-9a83-f6b171fc427f', 'c77d6801-7e11-496d-a89b-b619d6059730');
INSERT INTO JOB_LISTING_TECHNOLOGY (JOB_LISTING_ID, TECHNOLOGY_ID) VALUES ('26a96758-df3a-4510-9a83-f6b171fc427f', 'd93dd155-2c47-4166-83d5-291fc369a54e');
INSERT INTO JOB_LISTING_TECHNOLOGY (JOB_LISTING_ID, TECHNOLOGY_ID) VALUES ('26a96758-df3a-4510-9a83-f6b171fc427f', '46582243-11e4-450e-be96-8a01d9a1d304');
INSERT INTO JOB_LISTING_TECHNOLOGY (JOB_LISTING_ID, TECHNOLOGY_ID) VALUES ('26a96758-df3a-4510-9a83-f6b171fc427f', 'd37d5595-16b2-4a62-82b0-910a83e0c0be');
INSERT INTO JOB_LISTING (ID, REGION_ID) VALUES ('7a4bb41d-d35a-4a9c-9b81-dfa9e6de0a28', '1ea66abe-b09a-473d-a896-3da9d279178f');
INSERT INTO JOB_LISTING_TECHNOLOGY (JOB_LISTING_ID, TECHNOLOGY_ID) VALUES ('7a4bb41d-d35a-4a9c-9b81-dfa9e6de0a28', 'caa2705f-a177-41ae-8fa1-cc6264c17453');
INSERT INTO JOB_LISTING_TECHNOLOGY (JOB_LISTING_ID, TECHNOLOGY_ID) VALUES ('7a4bb41d-d35a-4a9c-9b81-dfa9e6de0a28', '85b2dd43-48d0-458c-b5a6-ecdbd4dae1b3');
INSERT INTO JOB_LISTING_TECHNOLOGY (JOB_LISTING_ID, TECHNOLOGY_ID) VALUES ('7a4bb41d-d35a-4a9c-9b81-dfa9e6de0a28', 'dada90e7-e495-4970-814d-34762d67e28b');
INSERT INTO JOB_LISTING_TECHNOLOGY (JOB_LISTING_ID, TECHNOLOGY_ID) VALUES ('7a4bb41d-d35a-4a9c-9b81-dfa9e6de0a28', '80e1c80f-5f8f-4482-aeac-a1328beb807d');
INSERT INTO JOB_LISTING_TECHNOLOGY (JOB_LISTING_ID, TECHNOLOGY_ID) VALUES ('7a4bb41d-d35a-4a9c-9b81-dfa9e6de0a28', 'd93dd155-2c47-4166-83d5-291fc369a54e');
INSERT INTO JOB_LISTING (ID, REGION_ID) VALUES ('7cc87414-3c8e-4e8a-a4d5-1a1e4fd7b135', '0b992576-0429-4315-a3d3-f5f3350479c5');
INSERT INTO JOB_LISTING_TECHNOLOGY (JOB_LISTING_ID, TECHNOLOGY_ID) VALUES ('7cc87414-3c8e-4e8a-a4d5-1a1e4fd7b135', '85b2dd43-48d0-458c-b5a6-ecdbd4dae1b3');
INSERT INTO JOB_LISTING_TECHNOLOGY (JOB_LISTING_ID, TECHNOLOGY_ID) VALUES ('7cc87414-3c8e-4e8a-a4d5-1a1e4fd7b135', 'c77d6801-7e11-496d-a89b-b619d6059730');
INSERT INTO JOB_LISTING_TECHNOLOGY (JOB_LISTING_ID, TECHNOLOGY_ID) VALUES ('7cc87414-3c8e-4e8a-a4d5-1a1e4fd7b135', 'f7213740-f29a-4d4d-b232-ff6dc53dfe59');
INSERT INTO JOB_LISTING_TECHNOLOGY (JOB_LISTING_ID, TECHNOLOGY_ID) VALUES ('7cc87414-3c8e-4e8a-a4d5-1a1e4fd7b135', '80e1c80f-5f8f-4482-aeac-a1328beb807d');
INSERT INTO JOB_LISTING_TECHNOLOGY (JOB_LISTING_ID, TECHNOLOGY_ID) VALUES ('7cc87414-3c8e-4e8a-a4d5-1a1e4fd7b135', 'dada90e7-e495-4970-814d-34762d67e28b');
INSERT INTO JOB_LISTING (ID, REGION_ID) VALUES ('a45c5cbe-70bd-4208-8bdb-31352f297f11', '3c69db27-3d1d-492f-ae73-67ac9bdeec94');
INSERT INTO JOB_LISTING_TECHNOLOGY (JOB_LISTING_ID, TECHNOLOGY_ID) VALUES ('a45c5cbe-70bd-4208-8bdb-31352f297f11', 'c77d6801-7e11-496d-a89b-b619d6059730');
INSERT INTO JOB_LISTING_TECHNOLOGY (JOB_LISTING_ID, TECHNOLOGY_ID) VALUES ('a45c5cbe-70bd-4208-8bdb-31352f297f11', '80e1c80f-5f8f-4482-aeac-a1328beb807d');
INSERT INTO JOB_LISTING_TECHNOLOGY (JOB_LISTING_ID, TECHNOLOGY_ID) VALUES ('a45c5cbe-70bd-4208-8bdb-31352f297f11', 'dada90e7-e495-4970-814d-34762d67e28b');
INSERT INTO JOB_LISTING_TECHNOLOGY (JOB_LISTING_ID, TECHNOLOGY_ID) VALUES ('a45c5cbe-70bd-4208-8bdb-31352f297f11', '46582243-11e4-450e-be96-8a01d9a1d304');
INSERT INTO JOB_LISTING (ID, REGION_ID) VALUES ('e8df6cf8-55be-448f-81a2-9742ca5df899', '9921c27d-8548-4c8e-b672-bc12c7454998');
INSERT INTO JOB_LISTING_TECHNOLOGY (JOB_LISTING_ID, TECHNOLOGY_ID) VALUES ('e8df6cf8-55be-448f-81a2-9742ca5df899', 'd37d5595-16b2-4a62-82b0-910a83e0c0be');
INSERT INTO JOB_LISTING_TECHNOLOGY (JOB_LISTING_ID, TECHNOLOGY_ID) VALUES ('e8df6cf8-55be-448f-81a2-9742ca5df899', '85b2dd43-48d0-458c-b5a6-ecdbd4dae1b3');
INSERT INTO JOB_LISTING (ID, REGION_ID) VALUES ('0bd6a08d-33a8-428c-8d2e-7afa05c0c071', '590a5a5d-110e-4c48-aad8-0d49a41f4d87');
INSERT INTO JOB_LISTING_TECHNOLOGY (JOB_LISTING_ID, TECHNOLOGY_ID) VALUES ('0bd6a08d-33a8-428c-8d2e-7afa05c0c071', 'f7213740-f29a-4d4d-b232-ff6dc53dfe59');
INSERT INTO JOB_LISTING_TECHNOLOGY (JOB_LISTING_ID, TECHNOLOGY_ID) VALUES ('0bd6a08d-33a8-428c-8d2e-7afa05c0c071', 'caa2705f-a177-41ae-8fa1-cc6264c17453');
INSERT INTO JOB_LISTING_TECHNOLOGY (JOB_LISTING_ID, TECHNOLOGY_ID) VALUES ('0bd6a08d-33a8-428c-8d2e-7afa05c0c071', 'dada90e7-e495-4970-814d-34762d67e28b');
INSERT INTO JOB_LISTING_TECHNOLOGY (JOB_LISTING_ID, TECHNOLOGY_ID) VALUES ('0bd6a08d-33a8-428c-8d2e-7afa05c0c071', 'd93dd155-2c47-4166-83d5-291fc369a54e');
INSERT INTO JOB_LISTING (ID, REGION_ID) VALUES ('19d0c4b8-2bf1-4b21-8d94-f2571169a699', '9076b84e-416e-470a-9511-88423e390ee5');
INSERT INTO JOB_LISTING_TECHNOLOGY (JOB_LISTING_ID, TECHNOLOGY_ID) VALUES ('19d0c4b8-2bf1-4b21-8d94-f2571169a699', '46582243-11e4-450e-be96-8a01d9a1d304');
INSERT INTO JOB_LISTING_TECHNOLOGY (JOB_LISTING_ID, TECHNOLOGY_ID) VALUES ('19d0c4b8-2bf1-4b21-8d94-f2571169a699', 'f7213740-f29a-4d4d-b232-ff6dc53dfe59');
INSERT INTO JOB_LISTING_TECHNOLOGY (JOB_LISTING_ID, TECHNOLOGY_ID) VALUES ('19d0c4b8-2bf1-4b21-8d94-f2571169a699', 'c77d6801-7e11-496d-a89b-b619d6059730');
INSERT INTO JOB_LISTING (ID, REGION_ID) VALUES ('e42dabf1-b383-444b-a60d-8be282152388', '617e438c-3e35-4556-ae96-0708a74fb099');
INSERT INTO JOB_LISTING_TECHNOLOGY (JOB_LISTING_ID, TECHNOLOGY_ID) VALUES ('e42dabf1-b383-444b-a60d-8be282152388', '46582243-11e4-450e-be96-8a01d9a1d304');
INSERT INTO JOB_LISTING_TECHNOLOGY (JOB_LISTING_ID, TECHNOLOGY_ID) VALUES ('e42dabf1-b383-444b-a60d-8be282152388', 'dada90e7-e495-4970-814d-34762d67e28b');
INSERT INTO JOB_LISTING_TECHNOLOGY (JOB_LISTING_ID, TECHNOLOGY_ID) VALUES ('e42dabf1-b383-444b-a60d-8be282152388', 'd93dd155-2c47-4166-83d5-291fc369a54e');
INSERT INTO JOB_LISTING_TECHNOLOGY (JOB_LISTING_ID, TECHNOLOGY_ID) VALUES ('e42dabf1-b383-444b-a60d-8be282152388', 'd37d5595-16b2-4a62-82b0-910a83e0c0be');
INSERT INTO JOB_LISTING_TECHNOLOGY (JOB_LISTING_ID, TECHNOLOGY_ID) VALUES ('e42dabf1-b383-444b-a60d-8be282152388', '80e1c80f-5f8f-4482-aeac-a1328beb807d');
INSERT INTO JOB_LISTING (ID, REGION_ID) VALUES ('3214b0b0-5beb-44b1-9bfd-c04768fe1b8d', '1c6b837b-7115-413d-acdf-e9bb729d2555');
INSERT INTO JOB_LISTING_TECHNOLOGY (JOB_LISTING_ID, TECHNOLOGY_ID) VALUES ('3214b0b0-5beb-44b1-9bfd-c04768fe1b8d', 'caa2705f-a177-41ae-8fa1-cc6264c17453');
INSERT INTO JOB_LISTING_TECHNOLOGY (JOB_LISTING_ID, TECHNOLOGY_ID) VALUES ('3214b0b0-5beb-44b1-9bfd-c04768fe1b8d', '85b2dd43-48d0-458c-b5a6-ecdbd4dae1b3');
INSERT INTO JOB_LISTING_TECHNOLOGY (JOB_LISTING_ID, TECHNOLOGY_ID) VALUES ('3214b0b0-5beb-44b1-9bfd-c04768fe1b8d', 'd93dd155-2c47-4166-83d5-291fc369a54e');
INSERT INTO JOB_LISTING (ID, REGION_ID) VALUES ('b828f297-4967-4d6f-81c3-3924b0b82718', '1faffd78-fe8d-4525-a3a1-82a7ccb2e4f5');
INSERT INTO JOB_LISTING_TECHNOLOGY (JOB_LISTING_ID, TECHNOLOGY_ID) VALUES ('b828f297-4967-4d6f-81c3-3924b0b82718', 'c77d6801-7e11-496d-a89b-b619d6059730');
INSERT INTO JOB_LISTING_TECHNOLOGY (JOB_LISTING_ID, TECHNOLOGY_ID) VALUES ('b828f297-4967-4d6f-81c3-3924b0b82718', '12f5b739-b818-4fe2-8fd2-9343a0869892');
INSERT INTO JOB_LISTING_TECHNOLOGY (JOB_LISTING_ID, TECHNOLOGY_ID) VALUES ('b828f297-4967-4d6f-81c3-3924b0b82718', '85b2dd43-48d0-458c-b5a6-ecdbd4dae1b3');
INSERT INTO JOB_LISTING (ID, REGION_ID) VALUES ('812668d3-7931-4a59-945a-7ecb432865c4', 'eceaa8b9-3b66-4bf9-8dee-28ad2dcee356');
INSERT INTO JOB_LISTING_TECHNOLOGY (JOB_LISTING_ID, TECHNOLOGY_ID) VALUES ('812668d3-7931-4a59-945a-7ecb432865c4', '12f5b739-b818-4fe2-8fd2-9343a0869892');
INSERT INTO JOB_LISTING_TECHNOLOGY (JOB_LISTING_ID, TECHNOLOGY_ID) VALUES ('812668d3-7931-4a59-945a-7ecb432865c4', 'f7213740-f29a-4d4d-b232-ff6dc53dfe59');
INSERT INTO JOB_LISTING (ID, REGION_ID) VALUES ('22a4cf36-8c4e-4ab7-a9ae-acfbeb506d25', '205585ce-5eb8-4242-8926-0ab53ab82514');
INSERT INTO JOB_LISTING_TECHNOLOGY (JOB_LISTING_ID, TECHNOLOGY_ID) VALUES ('22a4cf36-8c4e-4ab7-a9ae-acfbeb506d25', '46582243-11e4-450e-be96-8a01d9a1d304');
INSERT INTO JOB_LISTING_TECHNOLOGY (JOB_LISTING_ID, TECHNOLOGY_ID) VALUES ('22a4cf36-8c4e-4ab7-a9ae-acfbeb506d25', 'd93dd155-2c47-4166-83d5-291fc369a54e');
INSERT INTO JOB_LISTING_TECHNOLOGY (JOB_LISTING_ID, TECHNOLOGY_ID) VALUES ('22a4cf36-8c4e-4ab7-a9ae-acfbeb506d25', 'd37d5595-16b2-4a62-82b0-910a83e0c0be');
INSERT INTO JOB_LISTING_TECHNOLOGY (JOB_LISTING_ID, TECHNOLOGY_ID) VALUES ('22a4cf36-8c4e-4ab7-a9ae-acfbeb506d25', '80e1c80f-5f8f-4482-aeac-a1328beb807d');
INSERT INTO JOB_LISTING_TECHNOLOGY (JOB_LISTING_ID, TECHNOLOGY_ID) VALUES ('22a4cf36-8c4e-4ab7-a9ae-acfbeb506d25', '12f5b739-b818-4fe2-8fd2-9343a0869892');
INSERT INTO JOB_LISTING (ID, REGION_ID) VALUES ('b515015d-642b-4eaf-843c-7f7a77a65b93', 'b27dce47-bb60-451c-bc08-92d976c2518a');
INSERT INTO JOB_LISTING_TECHNOLOGY (JOB_LISTING_ID, TECHNOLOGY_ID) VALUES ('b515015d-642b-4eaf-843c-7f7a77a65b93', 'd93dd155-2c47-4166-83d5-291fc369a54e');
INSERT INTO JOB_LISTING_TECHNOLOGY (JOB_LISTING_ID, TECHNOLOGY_ID) VALUES ('b515015d-642b-4eaf-843c-7f7a77a65b93', 'd37d5595-16b2-4a62-82b0-910a83e0c0be');
INSERT INTO JOB_LISTING_TECHNOLOGY (JOB_LISTING_ID, TECHNOLOGY_ID) VALUES ('b515015d-642b-4eaf-843c-7f7a77a65b93', '46582243-11e4-450e-be96-8a01d9a1d304');
INSERT INTO JOB_LISTING (ID, REGION_ID) VALUES ('5e8b7655-25eb-48d8-ab6e-8b9b982520ce', 'a452ef93-d79a-40d7-ad14-1190fa11e65b');
INSERT INTO JOB_LISTING_TECHNOLOGY (JOB_LISTING_ID, TECHNOLOGY_ID) VALUES ('5e8b7655-25eb-48d8-ab6e-8b9b982520ce', '80e1c80f-5f8f-4482-aeac-a1328beb807d');
INSERT INTO JOB_LISTING_TECHNOLOGY (JOB_LISTING_ID, TECHNOLOGY_ID) VALUES ('5e8b7655-25eb-48d8-ab6e-8b9b982520ce', '85b2dd43-48d0-458c-b5a6-ecdbd4dae1b3');
INSERT INTO JOB_LISTING_TECHNOLOGY (JOB_LISTING_ID, TECHNOLOGY_ID) VALUES ('5e8b7655-25eb-48d8-ab6e-8b9b982520ce', 'd37d5595-16b2-4a62-82b0-910a83e0c0be');
INSERT INTO JOB_LISTING_TECHNOLOGY (JOB_LISTING_ID, TECHNOLOGY_ID) VALUES ('5e8b7655-25eb-48d8-ab6e-8b9b982520ce', 'dada90e7-e495-4970-814d-34762d67e28b');
INSERT INTO JOB_LISTING_TECHNOLOGY (JOB_LISTING_ID, TECHNOLOGY_ID) VALUES ('5e8b7655-25eb-48d8-ab6e-8b9b982520ce', '46582243-11e4-450e-be96-8a01d9a1d304');
INSERT INTO JOB_LISTING (ID, REGION_ID) VALUES ('9b6b1616-f4d1-4990-80d1-631d8d82d40b', 'abfc222c-5ee8-4847-a50d-06a5b095ea25');
INSERT INTO JOB_LISTING_TECHNOLOGY (JOB_LISTING_ID, TECHNOLOGY_ID) VALUES ('9b6b1616-f4d1-4990-80d1-631d8d82d40b', 'f7213740-f29a-4d4d-b232-ff6dc53dfe59');
INSERT INTO JOB_LISTING_TECHNOLOGY (JOB_LISTING_ID, TECHNOLOGY_ID) VALUES ('9b6b1616-f4d1-4990-80d1-631d8d82d40b', 'd37d5595-16b2-4a62-82b0-910a83e0c0be');
INSERT INTO JOB_LISTING_TECHNOLOGY (JOB_LISTING_ID, TECHNOLOGY_ID) VALUES ('9b6b1616-f4d1-4990-80d1-631d8d82d40b', 'd93dd155-2c47-4166-83d5-291fc369a54e');
INSERT INTO JOB_LISTING_TECHNOLOGY (JOB_LISTING_ID, TECHNOLOGY_ID) VALUES ('9b6b1616-f4d1-4990-80d1-631d8d82d40b', 'caa2705f-a177-41ae-8fa1-cc6264c17453');
INSERT INTO JOB_LISTING (ID, REGION_ID) VALUES ('c24e3442-f22e-435a-a7f8-d7c626cc2b02', 'ff17b5c0-07ca-434d-90cf-85e038f4bdd5');
INSERT INTO JOB_LISTING_TECHNOLOGY (JOB_LISTING_ID, TECHNOLOGY_ID) VALUES ('c24e3442-f22e-435a-a7f8-d7c626cc2b02', 'c77d6801-7e11-496d-a89b-b619d6059730');
INSERT INTO JOB_LISTING_TECHNOLOGY (JOB_LISTING_ID, TECHNOLOGY_ID) VALUES ('c24e3442-f22e-435a-a7f8-d7c626cc2b02', '80e1c80f-5f8f-4482-aeac-a1328beb807d');
INSERT INTO JOB_LISTING (ID, REGION_ID) VALUES ('9e9f5035-1030-4b06-84e3-7736f2eac402', 'f91ee8cd-d915-4d9b-be2d-4a7e53e586a9');
INSERT INTO JOB_LISTING_TECHNOLOGY (JOB_LISTING_ID, TECHNOLOGY_ID) VALUES ('9e9f5035-1030-4b06-84e3-7736f2eac402', 'd93dd155-2c47-4166-83d5-291fc369a54e');
INSERT INTO JOB_LISTING_TECHNOLOGY (JOB_LISTING_ID, TECHNOLOGY_ID) VALUES ('9e9f5035-1030-4b06-84e3-7736f2eac402', 'dada90e7-e495-4970-814d-34762d67e28b');
INSERT INTO JOB_LISTING_TECHNOLOGY (JOB_LISTING_ID, TECHNOLOGY_ID) VALUES ('9e9f5035-1030-4b06-84e3-7736f2eac402', '12f5b739-b818-4fe2-8fd2-9343a0869892');
INSERT INTO JOB_LISTING_TECHNOLOGY (JOB_LISTING_ID, TECHNOLOGY_ID) VALUES ('9e9f5035-1030-4b06-84e3-7736f2eac402', 'd37d5595-16b2-4a62-82b0-910a83e0c0be');
INSERT INTO JOB_LISTING_TECHNOLOGY (JOB_LISTING_ID, TECHNOLOGY_ID) VALUES ('9e9f5035-1030-4b06-84e3-7736f2eac402', 'c77d6801-7e11-496d-a89b-b619d6059730');
INSERT INTO JOB_LISTING (ID, REGION_ID) VALUES ('bd693180-37d0-405c-b613-9d6833a4705c', 'c7767916-37b7-46df-80c1-d62d0f8c934a');
INSERT INTO JOB_LISTING_TECHNOLOGY (JOB_LISTING_ID, TECHNOLOGY_ID) VALUES ('bd693180-37d0-405c-b613-9d6833a4705c', '85b2dd43-48d0-458c-b5a6-ecdbd4dae1b3');
INSERT INTO JOB_LISTING_TECHNOLOGY (JOB_LISTING_ID, TECHNOLOGY_ID) VALUES ('bd693180-37d0-405c-b613-9d6833a4705c', 'caa2705f-a177-41ae-8fa1-cc6264c17453');
INSERT INTO JOB_LISTING (ID, REGION_ID) VALUES ('35844b9f-fbaf-4bf6-ab8b-af8c78336752', '75724134-4f6c-4573-83a7-5c512bf75195');
INSERT INTO JOB_LISTING_TECHNOLOGY (JOB_LISTING_ID, TECHNOLOGY_ID) VALUES ('35844b9f-fbaf-4bf6-ab8b-af8c78336752', 'dada90e7-e495-4970-814d-34762d67e28b');
INSERT INTO JOB_LISTING_TECHNOLOGY (JOB_LISTING_ID, TECHNOLOGY_ID) VALUES ('35844b9f-fbaf-4bf6-ab8b-af8c78336752', 'd93dd155-2c47-4166-83d5-291fc369a54e');
INSERT INTO JOB_LISTING_TECHNOLOGY (JOB_LISTING_ID, TECHNOLOGY_ID) VALUES ('35844b9f-fbaf-4bf6-ab8b-af8c78336752', 'd37d5595-16b2-4a62-82b0-910a83e0c0be');
INSERT INTO JOB_LISTING_TECHNOLOGY (JOB_LISTING_ID, TECHNOLOGY_ID) VALUES ('35844b9f-fbaf-4bf6-ab8b-af8c78336752', 'c77d6801-7e11-496d-a89b-b619d6059730');
INSERT INTO JOB_LISTING (ID, REGION_ID) VALUES ('8335f365-199a-4289-b1de-e2195e76eaa4', '0fc67f63-1e7a-40d6-8e4a-a911ba5d7203');
INSERT INTO JOB_LISTING_TECHNOLOGY (JOB_LISTING_ID, TECHNOLOGY_ID) VALUES ('8335f365-199a-4289-b1de-e2195e76eaa4', 'caa2705f-a177-41ae-8fa1-cc6264c17453');
INSERT INTO JOB_LISTING_TECHNOLOGY (JOB_LISTING_ID, TECHNOLOGY_ID) VALUES ('8335f365-199a-4289-b1de-e2195e76eaa4', '12f5b739-b818-4fe2-8fd2-9343a0869892');
INSERT INTO JOB_LISTING_TECHNOLOGY (JOB_LISTING_ID, TECHNOLOGY_ID) VALUES ('8335f365-199a-4289-b1de-e2195e76eaa4', 'd93dd155-2c47-4166-83d5-291fc369a54e');
INSERT INTO JOB_LISTING (ID, REGION_ID) VALUES ('ce803360-4bde-48e3-8d11-d3d3fc3c862c', 'd17281b9-c6fc-4aab-86d4-9ab24bb3b6fd');
INSERT INTO JOB_LISTING_TECHNOLOGY (JOB_LISTING_ID, TECHNOLOGY_ID) VALUES ('ce803360-4bde-48e3-8d11-d3d3fc3c862c', 'caa2705f-a177-41ae-8fa1-cc6264c17453');
INSERT INTO JOB_LISTING_TECHNOLOGY (JOB_LISTING_ID, TECHNOLOGY_ID) VALUES ('ce803360-4bde-48e3-8d11-d3d3fc3c862c', '85b2dd43-48d0-458c-b5a6-ecdbd4dae1b3');
INSERT INTO JOB_LISTING_TECHNOLOGY (JOB_LISTING_ID, TECHNOLOGY_ID) VALUES ('ce803360-4bde-48e3-8d11-d3d3fc3c862c', 'd93dd155-2c47-4166-83d5-291fc369a54e');
INSERT INTO JOB_LISTING (ID, REGION_ID) VALUES ('fb1a98d0-8bb9-498b-9032-e4ebc2a16800', 'fdb63d77-f427-41bb-96a2-91130f3a0466');
INSERT INTO JOB_LISTING_TECHNOLOGY (JOB_LISTING_ID, TECHNOLOGY_ID) VALUES ('fb1a98d0-8bb9-498b-9032-e4ebc2a16800', '46582243-11e4-450e-be96-8a01d9a1d304');
INSERT INTO JOB_LISTING_TECHNOLOGY (JOB_LISTING_ID, TECHNOLOGY_ID) VALUES ('fb1a98d0-8bb9-498b-9032-e4ebc2a16800', 'caa2705f-a177-41ae-8fa1-cc6264c17453');
INSERT INTO JOB_LISTING_TECHNOLOGY (JOB_LISTING_ID, TECHNOLOGY_ID) VALUES ('fb1a98d0-8bb9-498b-9032-e4ebc2a16800', '80e1c80f-5f8f-4482-aeac-a1328beb807d');
INSERT INTO JOB_LISTING_TECHNOLOGY (JOB_LISTING_ID, TECHNOLOGY_ID) VALUES ('fb1a98d0-8bb9-498b-9032-e4ebc2a16800', '85b2dd43-48d0-458c-b5a6-ecdbd4dae1b3');
INSERT INTO JOB_LISTING_TECHNOLOGY (JOB_LISTING_ID, TECHNOLOGY_ID) VALUES ('fb1a98d0-8bb9-498b-9032-e4ebc2a16800', 'd37d5595-16b2-4a62-82b0-910a83e0c0be');
INSERT INTO JOB_LISTING (ID, REGION_ID) VALUES ('ba6e9e24-ecb3-49a5-94bb-d51622dd1db6', 'e6056c00-d6d4-4a39-9cb0-5e7c3751c9f3');
INSERT INTO JOB_LISTING_TECHNOLOGY (JOB_LISTING_ID, TECHNOLOGY_ID) VALUES ('ba6e9e24-ecb3-49a5-94bb-d51622dd1db6', 'caa2705f-a177-41ae-8fa1-cc6264c17453');
INSERT INTO JOB_LISTING_TECHNOLOGY (JOB_LISTING_ID, TECHNOLOGY_ID) VALUES ('ba6e9e24-ecb3-49a5-94bb-d51622dd1db6', '46582243-11e4-450e-be96-8a01d9a1d304');
INSERT INTO JOB_LISTING (ID, REGION_ID) VALUES ('8c3a6cf1-8050-4c70-9a9d-2e4569db9aa2', '8f210672-db08-4e81-b492-d69dd03adb6b');
INSERT INTO JOB_LISTING_TECHNOLOGY (JOB_LISTING_ID, TECHNOLOGY_ID) VALUES ('8c3a6cf1-8050-4c70-9a9d-2e4569db9aa2', '12f5b739-b818-4fe2-8fd2-9343a0869892');
INSERT INTO JOB_LISTING_TECHNOLOGY (JOB_LISTING_ID, TECHNOLOGY_ID) VALUES ('8c3a6cf1-8050-4c70-9a9d-2e4569db9aa2', 'caa2705f-a177-41ae-8fa1-cc6264c17453');
INSERT INTO JOB_LISTING_TECHNOLOGY (JOB_LISTING_ID, TECHNOLOGY_ID) VALUES ('8c3a6cf1-8050-4c70-9a9d-2e4569db9aa2', 'd93dd155-2c47-4166-83d5-291fc369a54e');
INSERT INTO JOB_LISTING_TECHNOLOGY (JOB_LISTING_ID, TECHNOLOGY_ID) VALUES ('8c3a6cf1-8050-4c70-9a9d-2e4569db9aa2', '80e1c80f-5f8f-4482-aeac-a1328beb807d');
INSERT INTO JOB_LISTING_TECHNOLOGY (JOB_LISTING_ID, TECHNOLOGY_ID) VALUES ('8c3a6cf1-8050-4c70-9a9d-2e4569db9aa2', 'f7213740-f29a-4d4d-b232-ff6dc53dfe59');
INSERT INTO JOB_LISTING (ID, REGION_ID) VALUES ('048619e4-32af-4d06-b682-4f2de26756fc', 'eb81d4f5-05de-40d0-85cc-ba5b5006a277');
INSERT INTO JOB_LISTING_TECHNOLOGY (JOB_LISTING_ID, TECHNOLOGY_ID) VALUES ('048619e4-32af-4d06-b682-4f2de26756fc', '80e1c80f-5f8f-4482-aeac-a1328beb807d');
INSERT INTO JOB_LISTING_TECHNOLOGY (JOB_LISTING_ID, TECHNOLOGY_ID) VALUES ('048619e4-32af-4d06-b682-4f2de26756fc', '12f5b739-b818-4fe2-8fd2-9343a0869892');
INSERT INTO JOB_LISTING_TECHNOLOGY (JOB_LISTING_ID, TECHNOLOGY_ID) VALUES ('048619e4-32af-4d06-b682-4f2de26756fc', 'c77d6801-7e11-496d-a89b-b619d6059730');
INSERT INTO JOB_LISTING (ID, REGION_ID) VALUES ('57527a9f-d540-4453-af3c-afbf14f13d65', 'd340f5b0-5115-49fe-a743-c78604ee56ff');
INSERT INTO JOB_LISTING_TECHNOLOGY (JOB_LISTING_ID, TECHNOLOGY_ID) VALUES ('57527a9f-d540-4453-af3c-afbf14f13d65', '85b2dd43-48d0-458c-b5a6-ecdbd4dae1b3');
INSERT INTO JOB_LISTING_TECHNOLOGY (JOB_LISTING_ID, TECHNOLOGY_ID) VALUES ('57527a9f-d540-4453-af3c-afbf14f13d65', 'f7213740-f29a-4d4d-b232-ff6dc53dfe59');
INSERT INTO JOB_LISTING (ID, REGION_ID) VALUES ('84dc017e-71f7-4f55-8664-4bacf6964bf2', 'd9907675-7b6f-4aa5-9380-d31613198062');
INSERT INTO JOB_LISTING_TECHNOLOGY (JOB_LISTING_ID, TECHNOLOGY_ID) VALUES ('84dc017e-71f7-4f55-8664-4bacf6964bf2', '46582243-11e4-450e-be96-8a01d9a1d304');
INSERT INTO JOB_LISTING_TECHNOLOGY (JOB_LISTING_ID, TECHNOLOGY_ID) VALUES ('84dc017e-71f7-4f55-8664-4bacf6964bf2', '85b2dd43-48d0-458c-b5a6-ecdbd4dae1b3');
INSERT INTO JOB_LISTING_TECHNOLOGY (JOB_LISTING_ID, TECHNOLOGY_ID) VALUES ('84dc017e-71f7-4f55-8664-4bacf6964bf2', '12f5b739-b818-4fe2-8fd2-9343a0869892');
INSERT INTO JOB_LISTING (ID, REGION_ID) VALUES ('ffe8c4ed-401c-42ec-ab3f-264907fd2a8e', '84162474-f46d-4f9e-a9ea-c82ddaf33a84');
INSERT INTO JOB_LISTING_TECHNOLOGY (JOB_LISTING_ID, TECHNOLOGY_ID) VALUES ('ffe8c4ed-401c-42ec-ab3f-264907fd2a8e', '12f5b739-b818-4fe2-8fd2-9343a0869892');
INSERT INTO JOB_LISTING_TECHNOLOGY (JOB_LISTING_ID, TECHNOLOGY_ID) VALUES ('ffe8c4ed-401c-42ec-ab3f-264907fd2a8e', 'd37d5595-16b2-4a62-82b0-910a83e0c0be');
INSERT INTO JOB_LISTING (ID, REGION_ID) VALUES ('4b37b96e-5331-49a6-8e56-805ccf7c35ae', '1ea66abe-b09a-473d-a896-3da9d279178f');
INSERT INTO JOB_LISTING_TECHNOLOGY (JOB_LISTING_ID, TECHNOLOGY_ID) VALUES ('4b37b96e-5331-49a6-8e56-805ccf7c35ae', 'f7213740-f29a-4d4d-b232-ff6dc53dfe59');
INSERT INTO JOB_LISTING_TECHNOLOGY (JOB_LISTING_ID, TECHNOLOGY_ID) VALUES ('4b37b96e-5331-49a6-8e56-805ccf7c35ae', '46582243-11e4-450e-be96-8a01d9a1d304');
INSERT INTO JOB_LISTING_TECHNOLOGY (JOB_LISTING_ID, TECHNOLOGY_ID) VALUES ('4b37b96e-5331-49a6-8e56-805ccf7c35ae', 'd37d5595-16b2-4a62-82b0-910a83e0c0be');
INSERT INTO JOB_LISTING_TECHNOLOGY (JOB_LISTING_ID, TECHNOLOGY_ID) VALUES ('4b37b96e-5331-49a6-8e56-805ccf7c35ae', 'c77d6801-7e11-496d-a89b-b619d6059730');
INSERT INTO JOB_LISTING_TECHNOLOGY (JOB_LISTING_ID, TECHNOLOGY_ID) VALUES ('4b37b96e-5331-49a6-8e56-805ccf7c35ae', '85b2dd43-48d0-458c-b5a6-ecdbd4dae1b3');
INSERT INTO JOB_LISTING (ID, REGION_ID) VALUES ('1a7937c8-7e0d-45c7-9a9a-b625f4ff82a3', '0b992576-0429-4315-a3d3-f5f3350479c5');
INSERT INTO JOB_LISTING_TECHNOLOGY (JOB_LISTING_ID, TECHNOLOGY_ID) VALUES ('1a7937c8-7e0d-45c7-9a9a-b625f4ff82a3', '46582243-11e4-450e-be96-8a01d9a1d304');
INSERT INTO JOB_LISTING_TECHNOLOGY (JOB_LISTING_ID, TECHNOLOGY_ID) VALUES ('1a7937c8-7e0d-45c7-9a9a-b625f4ff82a3', '12f5b739-b818-4fe2-8fd2-9343a0869892');
INSERT INTO JOB_LISTING_TECHNOLOGY (JOB_LISTING_ID, TECHNOLOGY_ID) VALUES ('1a7937c8-7e0d-45c7-9a9a-b625f4ff82a3', 'f7213740-f29a-4d4d-b232-ff6dc53dfe59');
INSERT INTO JOB_LISTING_TECHNOLOGY (JOB_LISTING_ID, TECHNOLOGY_ID) VALUES ('1a7937c8-7e0d-45c7-9a9a-b625f4ff82a3', 'dada90e7-e495-4970-814d-34762d67e28b');
INSERT INTO JOB_LISTING_TECHNOLOGY (JOB_LISTING_ID, TECHNOLOGY_ID) VALUES ('1a7937c8-7e0d-45c7-9a9a-b625f4ff82a3', 'c77d6801-7e11-496d-a89b-b619d6059730');
INSERT INTO JOB_LISTING (ID, REGION_ID) VALUES ('f9fc52f6-19c6-4ba4-92f8-6a8449eb8cec', '3c69db27-3d1d-492f-ae73-67ac9bdeec94');
INSERT INTO JOB_LISTING_TECHNOLOGY (JOB_LISTING_ID, TECHNOLOGY_ID) VALUES ('f9fc52f6-19c6-4ba4-92f8-6a8449eb8cec', 'd37d5595-16b2-4a62-82b0-910a83e0c0be');
INSERT INTO JOB_LISTING_TECHNOLOGY (JOB_LISTING_ID, TECHNOLOGY_ID) VALUES ('f9fc52f6-19c6-4ba4-92f8-6a8449eb8cec', '12f5b739-b818-4fe2-8fd2-9343a0869892');
INSERT INTO JOB_LISTING_TECHNOLOGY (JOB_LISTING_ID, TECHNOLOGY_ID) VALUES ('f9fc52f6-19c6-4ba4-92f8-6a8449eb8cec', 'c77d6801-7e11-496d-a89b-b619d6059730');
INSERT INTO JOB_LISTING_TECHNOLOGY (JOB_LISTING_ID, TECHNOLOGY_ID) VALUES ('f9fc52f6-19c6-4ba4-92f8-6a8449eb8cec', 'caa2705f-a177-41ae-8fa1-cc6264c17453');
INSERT INTO JOB_LISTING (ID, REGION_ID) VALUES ('9e1889d4-ed6d-455c-93a9-00602b453d82', '9921c27d-8548-4c8e-b672-bc12c7454998');
INSERT INTO JOB_LISTING_TECHNOLOGY (JOB_LISTING_ID, TECHNOLOGY_ID) VALUES ('9e1889d4-ed6d-455c-93a9-00602b453d82', 'f7213740-f29a-4d4d-b232-ff6dc53dfe59');
INSERT INTO JOB_LISTING_TECHNOLOGY (JOB_LISTING_ID, TECHNOLOGY_ID) VALUES ('9e1889d4-ed6d-455c-93a9-00602b453d82', 'dada90e7-e495-4970-814d-34762d67e28b');
INSERT INTO JOB_LISTING_TECHNOLOGY (JOB_LISTING_ID, TECHNOLOGY_ID) VALUES ('9e1889d4-ed6d-455c-93a9-00602b453d82', '85b2dd43-48d0-458c-b5a6-ecdbd4dae1b3');
INSERT INTO JOB_LISTING (ID, REGION_ID) VALUES ('43ef65f4-cd13-4a43-99bb-835a4f957361', '590a5a5d-110e-4c48-aad8-0d49a41f4d87');
INSERT INTO JOB_LISTING_TECHNOLOGY (JOB_LISTING_ID, TECHNOLOGY_ID) VALUES ('43ef65f4-cd13-4a43-99bb-835a4f957361', 'f7213740-f29a-4d4d-b232-ff6dc53dfe59');
INSERT INTO JOB_LISTING_TECHNOLOGY (JOB_LISTING_ID, TECHNOLOGY_ID) VALUES ('43ef65f4-cd13-4a43-99bb-835a4f957361', 'd93dd155-2c47-4166-83d5-291fc369a54e');
INSERT INTO JOB_LISTING_TECHNOLOGY (JOB_LISTING_ID, TECHNOLOGY_ID) VALUES ('43ef65f4-cd13-4a43-99bb-835a4f957361', 'c77d6801-7e11-496d-a89b-b619d6059730');
INSERT INTO JOB_LISTING_TECHNOLOGY (JOB_LISTING_ID, TECHNOLOGY_ID) VALUES ('43ef65f4-cd13-4a43-99bb-835a4f957361', 'd37d5595-16b2-4a62-82b0-910a83e0c0be');
INSERT INTO JOB_LISTING_TECHNOLOGY (JOB_LISTING_ID, TECHNOLOGY_ID) VALUES ('43ef65f4-cd13-4a43-99bb-835a4f957361', '46582243-11e4-450e-be96-8a01d9a1d304');
INSERT INTO JOB_LISTING (ID, REGION_ID) VALUES ('63d94e06-eb49-4198-890e-a61bd7e53923', '9076b84e-416e-470a-9511-88423e390ee5');
INSERT INTO JOB_LISTING_TECHNOLOGY (JOB_LISTING_ID, TECHNOLOGY_ID) VALUES ('63d94e06-eb49-4198-890e-a61bd7e53923', 'd37d5595-16b2-4a62-82b0-910a83e0c0be');
INSERT INTO JOB_LISTING_TECHNOLOGY (JOB_LISTING_ID, TECHNOLOGY_ID) VALUES ('63d94e06-eb49-4198-890e-a61bd7e53923', 'c77d6801-7e11-496d-a89b-b619d6059730');
INSERT INTO JOB_LISTING_TECHNOLOGY (JOB_LISTING_ID, TECHNOLOGY_ID) VALUES ('63d94e06-eb49-4198-890e-a61bd7e53923', '46582243-11e4-450e-be96-8a01d9a1d304');
INSERT INTO JOB_LISTING_TECHNOLOGY (JOB_LISTING_ID, TECHNOLOGY_ID) VALUES ('63d94e06-eb49-4198-890e-a61bd7e53923', 'd93dd155-2c47-4166-83d5-291fc369a54e');
INSERT INTO JOB_LISTING_TECHNOLOGY (JOB_LISTING_ID, TECHNOLOGY_ID) VALUES ('63d94e06-eb49-4198-890e-a61bd7e53923', '80e1c80f-5f8f-4482-aeac-a1328beb807d');
INSERT INTO JOB_LISTING (ID, REGION_ID) VALUES ('fce743d9-83ae-4259-ac19-e51c6955553b', '617e438c-3e35-4556-ae96-0708a74fb099');
INSERT INTO JOB_LISTING_TECHNOLOGY (JOB_LISTING_ID, TECHNOLOGY_ID) VALUES ('fce743d9-83ae-4259-ac19-e51c6955553b', '46582243-11e4-450e-be96-8a01d9a1d304');
INSERT INTO JOB_LISTING_TECHNOLOGY (JOB_LISTING_ID, TECHNOLOGY_ID) VALUES ('fce743d9-83ae-4259-ac19-e51c6955553b', '80e1c80f-5f8f-4482-aeac-a1328beb807d');
INSERT INTO JOB_LISTING_TECHNOLOGY (JOB_LISTING_ID, TECHNOLOGY_ID) VALUES ('fce743d9-83ae-4259-ac19-e51c6955553b', 'c77d6801-7e11-496d-a89b-b619d6059730');
INSERT INTO JOB_LISTING_TECHNOLOGY (JOB_LISTING_ID, TECHNOLOGY_ID) VALUES ('fce743d9-83ae-4259-ac19-e51c6955553b', 'dada90e7-e495-4970-814d-34762d67e28b');
INSERT INTO JOB_LISTING_TECHNOLOGY (JOB_LISTING_ID, TECHNOLOGY_ID) VALUES ('fce743d9-83ae-4259-ac19-e51c6955553b', 'caa2705f-a177-41ae-8fa1-cc6264c17453');
INSERT INTO JOB_LISTING (ID, REGION_ID) VALUES ('8220365f-189f-4128-9986-7a449fca4de2', '1c6b837b-7115-413d-acdf-e9bb729d2555');
INSERT INTO JOB_LISTING_TECHNOLOGY (JOB_LISTING_ID, TECHNOLOGY_ID) VALUES ('8220365f-189f-4128-9986-7a449fca4de2', '46582243-11e4-450e-be96-8a01d9a1d304');
INSERT INTO JOB_LISTING_TECHNOLOGY (JOB_LISTING_ID, TECHNOLOGY_ID) VALUES ('8220365f-189f-4128-9986-7a449fca4de2', 'f7213740-f29a-4d4d-b232-ff6dc53dfe59');
INSERT INTO JOB_LISTING (ID, REGION_ID) VALUES ('b4b8cf82-4c51-448b-ab51-d33ac4cf571f', '1faffd78-fe8d-4525-a3a1-82a7ccb2e4f5');
INSERT INTO JOB_LISTING_TECHNOLOGY (JOB_LISTING_ID, TECHNOLOGY_ID) VALUES ('b4b8cf82-4c51-448b-ab51-d33ac4cf571f', 'd93dd155-2c47-4166-83d5-291fc369a54e');
INSERT INTO JOB_LISTING_TECHNOLOGY (JOB_LISTING_ID, TECHNOLOGY_ID) VALUES ('b4b8cf82-4c51-448b-ab51-d33ac4cf571f', 'dada90e7-e495-4970-814d-34762d67e28b');
INSERT INTO JOB_LISTING_TECHNOLOGY (JOB_LISTING_ID, TECHNOLOGY_ID) VALUES ('b4b8cf82-4c51-448b-ab51-d33ac4cf571f', 'f7213740-f29a-4d4d-b232-ff6dc53dfe59');
INSERT INTO JOB_LISTING (ID, REGION_ID) VALUES ('672080f8-acf4-4cb5-9a5b-e45436dda29b', 'eceaa8b9-3b66-4bf9-8dee-28ad2dcee356');
INSERT INTO JOB_LISTING_TECHNOLOGY (JOB_LISTING_ID, TECHNOLOGY_ID) VALUES ('672080f8-acf4-4cb5-9a5b-e45436dda29b', 'f7213740-f29a-4d4d-b232-ff6dc53dfe59');
INSERT INTO JOB_LISTING_TECHNOLOGY (JOB_LISTING_ID, TECHNOLOGY_ID) VALUES ('672080f8-acf4-4cb5-9a5b-e45436dda29b', 'c77d6801-7e11-496d-a89b-b619d6059730');
INSERT INTO JOB_LISTING_TECHNOLOGY (JOB_LISTING_ID, TECHNOLOGY_ID) VALUES ('672080f8-acf4-4cb5-9a5b-e45436dda29b', '12f5b739-b818-4fe2-8fd2-9343a0869892');
INSERT INTO JOB_LISTING_TECHNOLOGY (JOB_LISTING_ID, TECHNOLOGY_ID) VALUES ('672080f8-acf4-4cb5-9a5b-e45436dda29b', 'd37d5595-16b2-4a62-82b0-910a83e0c0be');
INSERT INTO JOB_LISTING_TECHNOLOGY (JOB_LISTING_ID, TECHNOLOGY_ID) VALUES ('672080f8-acf4-4cb5-9a5b-e45436dda29b', 'd93dd155-2c47-4166-83d5-291fc369a54e');
INSERT INTO JOB_LISTING (ID, REGION_ID) VALUES ('3df249d1-4ba9-424b-a678-6f42286b84c0', '205585ce-5eb8-4242-8926-0ab53ab82514');
INSERT INTO JOB_LISTING_TECHNOLOGY (JOB_LISTING_ID, TECHNOLOGY_ID) VALUES ('3df249d1-4ba9-424b-a678-6f42286b84c0', '12f5b739-b818-4fe2-8fd2-9343a0869892');
INSERT INTO JOB_LISTING_TECHNOLOGY (JOB_LISTING_ID, TECHNOLOGY_ID) VALUES ('3df249d1-4ba9-424b-a678-6f42286b84c0', '80e1c80f-5f8f-4482-aeac-a1328beb807d');
INSERT INTO JOB_LISTING (ID, REGION_ID) VALUES ('7d4d9014-2336-4447-9749-52537b801e1b', 'b27dce47-bb60-451c-bc08-92d976c2518a');
INSERT INTO JOB_LISTING_TECHNOLOGY (JOB_LISTING_ID, TECHNOLOGY_ID) VALUES ('7d4d9014-2336-4447-9749-52537b801e1b', 'dada90e7-e495-4970-814d-34762d67e28b');
INSERT INTO JOB_LISTING_TECHNOLOGY (JOB_LISTING_ID, TECHNOLOGY_ID) VALUES ('7d4d9014-2336-4447-9749-52537b801e1b', '85b2dd43-48d0-458c-b5a6-ecdbd4dae1b3');
INSERT INTO JOB_LISTING_TECHNOLOGY (JOB_LISTING_ID, TECHNOLOGY_ID) VALUES ('7d4d9014-2336-4447-9749-52537b801e1b', '12f5b739-b818-4fe2-8fd2-9343a0869892');
INSERT INTO JOB_LISTING_TECHNOLOGY (JOB_LISTING_ID, TECHNOLOGY_ID) VALUES ('7d4d9014-2336-4447-9749-52537b801e1b', 'caa2705f-a177-41ae-8fa1-cc6264c17453');
INSERT INTO JOB_LISTING (ID, REGION_ID) VALUES ('6e1c5356-ee72-4667-8b4f-e904b002c9f1', 'a452ef93-d79a-40d7-ad14-1190fa11e65b');
INSERT INTO JOB_LISTING_TECHNOLOGY (JOB_LISTING_ID, TECHNOLOGY_ID) VALUES ('6e1c5356-ee72-4667-8b4f-e904b002c9f1', '12f5b739-b818-4fe2-8fd2-9343a0869892');
INSERT INTO JOB_LISTING_TECHNOLOGY (JOB_LISTING_ID, TECHNOLOGY_ID) VALUES ('6e1c5356-ee72-4667-8b4f-e904b002c9f1', 'dada90e7-e495-4970-814d-34762d67e28b');
INSERT INTO JOB_LISTING_TECHNOLOGY (JOB_LISTING_ID, TECHNOLOGY_ID) VALUES ('6e1c5356-ee72-4667-8b4f-e904b002c9f1', 'c77d6801-7e11-496d-a89b-b619d6059730');
INSERT INTO JOB_LISTING_TECHNOLOGY (JOB_LISTING_ID, TECHNOLOGY_ID) VALUES ('6e1c5356-ee72-4667-8b4f-e904b002c9f1', '80e1c80f-5f8f-4482-aeac-a1328beb807d');
INSERT INTO JOB_LISTING (ID, REGION_ID) VALUES ('100ed2e4-b4e6-4729-a0e2-d2114884f224', 'abfc222c-5ee8-4847-a50d-06a5b095ea25');
INSERT INTO JOB_LISTING_TECHNOLOGY (JOB_LISTING_ID, TECHNOLOGY_ID) VALUES ('100ed2e4-b4e6-4729-a0e2-d2114884f224', '46582243-11e4-450e-be96-8a01d9a1d304');
INSERT INTO JOB_LISTING_TECHNOLOGY (JOB_LISTING_ID, TECHNOLOGY_ID) VALUES ('100ed2e4-b4e6-4729-a0e2-d2114884f224', 'dada90e7-e495-4970-814d-34762d67e28b');
INSERT INTO JOB_LISTING (ID, REGION_ID) VALUES ('3a6e9c30-0eb9-45f4-9b84-7a9b453a33d8', 'ff17b5c0-07ca-434d-90cf-85e038f4bdd5');
INSERT INTO JOB_LISTING_TECHNOLOGY (JOB_LISTING_ID, TECHNOLOGY_ID) VALUES ('3a6e9c30-0eb9-45f4-9b84-7a9b453a33d8', '85b2dd43-48d0-458c-b5a6-ecdbd4dae1b3');
INSERT INTO JOB_LISTING_TECHNOLOGY (JOB_LISTING_ID, TECHNOLOGY_ID) VALUES ('3a6e9c30-0eb9-45f4-9b84-7a9b453a33d8', 'd37d5595-16b2-4a62-82b0-910a83e0c0be');
INSERT INTO JOB_LISTING_TECHNOLOGY (JOB_LISTING_ID, TECHNOLOGY_ID) VALUES ('3a6e9c30-0eb9-45f4-9b84-7a9b453a33d8', 'caa2705f-a177-41ae-8fa1-cc6264c17453');
INSERT INTO JOB_LISTING_TECHNOLOGY (JOB_LISTING_ID, TECHNOLOGY_ID) VALUES ('3a6e9c30-0eb9-45f4-9b84-7a9b453a33d8', '12f5b739-b818-4fe2-8fd2-9343a0869892');
INSERT INTO JOB_LISTING (ID, REGION_ID) VALUES ('446568d8-2b5e-483f-9b53-fc8af9b475a6', 'f91ee8cd-d915-4d9b-be2d-4a7e53e586a9');
INSERT INTO JOB_LISTING_TECHNOLOGY (JOB_LISTING_ID, TECHNOLOGY_ID) VALUES ('446568d8-2b5e-483f-9b53-fc8af9b475a6', 'caa2705f-a177-41ae-8fa1-cc6264c17453');
INSERT INTO JOB_LISTING_TECHNOLOGY (JOB_LISTING_ID, TECHNOLOGY_ID) VALUES ('446568d8-2b5e-483f-9b53-fc8af9b475a6', '80e1c80f-5f8f-4482-aeac-a1328beb807d');
INSERT INTO JOB_LISTING_TECHNOLOGY (JOB_LISTING_ID, TECHNOLOGY_ID) VALUES ('446568d8-2b5e-483f-9b53-fc8af9b475a6', 'dada90e7-e495-4970-814d-34762d67e28b');
INSERT INTO JOB_LISTING (ID, REGION_ID) VALUES ('7118845b-32fd-45eb-bf35-1989f3a24487', 'c7767916-37b7-46df-80c1-d62d0f8c934a');
INSERT INTO JOB_LISTING_TECHNOLOGY (JOB_LISTING_ID, TECHNOLOGY_ID) VALUES ('7118845b-32fd-45eb-bf35-1989f3a24487', '46582243-11e4-450e-be96-8a01d9a1d304');
INSERT INTO JOB_LISTING_TECHNOLOGY (JOB_LISTING_ID, TECHNOLOGY_ID) VALUES ('7118845b-32fd-45eb-bf35-1989f3a24487', 'd93dd155-2c47-4166-83d5-291fc369a54e');
INSERT INTO JOB_LISTING_TECHNOLOGY (JOB_LISTING_ID, TECHNOLOGY_ID) VALUES ('7118845b-32fd-45eb-bf35-1989f3a24487', 'caa2705f-a177-41ae-8fa1-cc6264c17453');
INSERT INTO JOB_LISTING (ID, REGION_ID) VALUES ('74abcca6-0b40-40d6-aad0-6f542d0a48fa', '75724134-4f6c-4573-83a7-5c512bf75195');
INSERT INTO JOB_LISTING_TECHNOLOGY (JOB_LISTING_ID, TECHNOLOGY_ID) VALUES ('74abcca6-0b40-40d6-aad0-6f542d0a48fa', '12f5b739-b818-4fe2-8fd2-9343a0869892');
INSERT INTO JOB_LISTING_TECHNOLOGY (JOB_LISTING_ID, TECHNOLOGY_ID) VALUES ('74abcca6-0b40-40d6-aad0-6f542d0a48fa', 'd37d5595-16b2-4a62-82b0-910a83e0c0be');
INSERT INTO JOB_LISTING_TECHNOLOGY (JOB_LISTING_ID, TECHNOLOGY_ID) VALUES ('74abcca6-0b40-40d6-aad0-6f542d0a48fa', 'dada90e7-e495-4970-814d-34762d67e28b');
INSERT INTO JOB_LISTING_TECHNOLOGY (JOB_LISTING_ID, TECHNOLOGY_ID) VALUES ('74abcca6-0b40-40d6-aad0-6f542d0a48fa', 'd93dd155-2c47-4166-83d5-291fc369a54e');
INSERT INTO JOB_LISTING (ID, REGION_ID) VALUES ('b62d7807-3d7d-4261-86e1-c4c770cfc22c', '0fc67f63-1e7a-40d6-8e4a-a911ba5d7203');
INSERT INTO JOB_LISTING_TECHNOLOGY (JOB_LISTING_ID, TECHNOLOGY_ID) VALUES ('b62d7807-3d7d-4261-86e1-c4c770cfc22c', '12f5b739-b818-4fe2-8fd2-9343a0869892');
INSERT INTO JOB_LISTING_TECHNOLOGY (JOB_LISTING_ID, TECHNOLOGY_ID) VALUES ('b62d7807-3d7d-4261-86e1-c4c770cfc22c', '85b2dd43-48d0-458c-b5a6-ecdbd4dae1b3');
INSERT INTO JOB_LISTING_TECHNOLOGY (JOB_LISTING_ID, TECHNOLOGY_ID) VALUES ('b62d7807-3d7d-4261-86e1-c4c770cfc22c', '46582243-11e4-450e-be96-8a01d9a1d304');
INSERT INTO JOB_LISTING_TECHNOLOGY (JOB_LISTING_ID, TECHNOLOGY_ID) VALUES ('b62d7807-3d7d-4261-86e1-c4c770cfc22c', 'd37d5595-16b2-4a62-82b0-910a83e0c0be');
INSERT INTO JOB_LISTING (ID, REGION_ID) VALUES ('1d10f512-9850-4beb-b30c-f4ee4f668c0a', 'd17281b9-c6fc-4aab-86d4-9ab24bb3b6fd');
INSERT INTO JOB_LISTING_TECHNOLOGY (JOB_LISTING_ID, TECHNOLOGY_ID) VALUES ('1d10f512-9850-4beb-b30c-f4ee4f668c0a', '85b2dd43-48d0-458c-b5a6-ecdbd4dae1b3');
INSERT INTO JOB_LISTING_TECHNOLOGY (JOB_LISTING_ID, TECHNOLOGY_ID) VALUES ('1d10f512-9850-4beb-b30c-f4ee4f668c0a', '12f5b739-b818-4fe2-8fd2-9343a0869892');
INSERT INTO JOB_LISTING_TECHNOLOGY (JOB_LISTING_ID, TECHNOLOGY_ID) VALUES ('1d10f512-9850-4beb-b30c-f4ee4f668c0a', 'dada90e7-e495-4970-814d-34762d67e28b');
INSERT INTO JOB_LISTING (ID, REGION_ID) VALUES ('1847589e-8359-4291-a467-82ae9dc8d517', 'fdb63d77-f427-41bb-96a2-91130f3a0466');
INSERT INTO JOB_LISTING_TECHNOLOGY (JOB_LISTING_ID, TECHNOLOGY_ID) VALUES ('1847589e-8359-4291-a467-82ae9dc8d517', '80e1c80f-5f8f-4482-aeac-a1328beb807d');
INSERT INTO JOB_LISTING_TECHNOLOGY (JOB_LISTING_ID, TECHNOLOGY_ID) VALUES ('1847589e-8359-4291-a467-82ae9dc8d517', '85b2dd43-48d0-458c-b5a6-ecdbd4dae1b3');
INSERT INTO JOB_LISTING_TECHNOLOGY (JOB_LISTING_ID, TECHNOLOGY_ID) VALUES ('1847589e-8359-4291-a467-82ae9dc8d517', 'dada90e7-e495-4970-814d-34762d67e28b');
INSERT INTO JOB_LISTING_TECHNOLOGY (JOB_LISTING_ID, TECHNOLOGY_ID) VALUES ('1847589e-8359-4291-a467-82ae9dc8d517', 'd93dd155-2c47-4166-83d5-291fc369a54e');
INSERT INTO JOB_LISTING_TECHNOLOGY (JOB_LISTING_ID, TECHNOLOGY_ID) VALUES ('1847589e-8359-4291-a467-82ae9dc8d517', 'c77d6801-7e11-496d-a89b-b619d6059730');
INSERT INTO JOB_LISTING (ID, REGION_ID) VALUES ('445f3736-6f86-4137-91cc-3605fe181d3c', 'e6056c00-d6d4-4a39-9cb0-5e7c3751c9f3');
INSERT INTO JOB_LISTING_TECHNOLOGY (JOB_LISTING_ID, TECHNOLOGY_ID) VALUES ('445f3736-6f86-4137-91cc-3605fe181d3c', 'dada90e7-e495-4970-814d-34762d67e28b');
INSERT INTO JOB_LISTING_TECHNOLOGY (JOB_LISTING_ID, TECHNOLOGY_ID) VALUES ('445f3736-6f86-4137-91cc-3605fe181d3c', 'd93dd155-2c47-4166-83d5-291fc369a54e');
INSERT INTO JOB_LISTING_TECHNOLOGY (JOB_LISTING_ID, TECHNOLOGY_ID) VALUES ('445f3736-6f86-4137-91cc-3605fe181d3c', '12f5b739-b818-4fe2-8fd2-9343a0869892');
INSERT INTO JOB_LISTING_TECHNOLOGY (JOB_LISTING_ID, TECHNOLOGY_ID) VALUES ('445f3736-6f86-4137-91cc-3605fe181d3c', 'caa2705f-a177-41ae-8fa1-cc6264c17453');
INSERT INTO JOB_LISTING_TECHNOLOGY (JOB_LISTING_ID, TECHNOLOGY_ID) VALUES ('445f3736-6f86-4137-91cc-3605fe181d3c', '80e1c80f-5f8f-4482-aeac-a1328beb807d');
INSERT INTO JOB_LISTING (ID, REGION_ID) VALUES ('92e8deda-78ea-4e24-8262-ef813a036ac2', '8f210672-db08-4e81-b492-d69dd03adb6b');
INSERT INTO JOB_LISTING_TECHNOLOGY (JOB_LISTING_ID, TECHNOLOGY_ID) VALUES ('92e8deda-78ea-4e24-8262-ef813a036ac2', '80e1c80f-5f8f-4482-aeac-a1328beb807d');
INSERT INTO JOB_LISTING_TECHNOLOGY (JOB_LISTING_ID, TECHNOLOGY_ID) VALUES ('92e8deda-78ea-4e24-8262-ef813a036ac2', '46582243-11e4-450e-be96-8a01d9a1d304');
INSERT INTO JOB_LISTING (ID, REGION_ID) VALUES ('7a6267f7-78b1-4f82-a7ce-b7f68e72a857', 'eb81d4f5-05de-40d0-85cc-ba5b5006a277');
INSERT INTO JOB_LISTING_TECHNOLOGY (JOB_LISTING_ID, TECHNOLOGY_ID) VALUES ('7a6267f7-78b1-4f82-a7ce-b7f68e72a857', '46582243-11e4-450e-be96-8a01d9a1d304');
INSERT INTO JOB_LISTING_TECHNOLOGY (JOB_LISTING_ID, TECHNOLOGY_ID) VALUES ('7a6267f7-78b1-4f82-a7ce-b7f68e72a857', 'c77d6801-7e11-496d-a89b-b619d6059730');
INSERT INTO JOB_LISTING_TECHNOLOGY (JOB_LISTING_ID, TECHNOLOGY_ID) VALUES ('7a6267f7-78b1-4f82-a7ce-b7f68e72a857', 'd93dd155-2c47-4166-83d5-291fc369a54e');
INSERT INTO JOB_LISTING_TECHNOLOGY (JOB_LISTING_ID, TECHNOLOGY_ID) VALUES ('7a6267f7-78b1-4f82-a7ce-b7f68e72a857', 'caa2705f-a177-41ae-8fa1-cc6264c17453');
INSERT INTO JOB_LISTING (ID, REGION_ID) VALUES ('a042608f-5e33-4718-bd83-11d32fee0901', 'd340f5b0-5115-49fe-a743-c78604ee56ff');
INSERT INTO JOB_LISTING_TECHNOLOGY (JOB_LISTING_ID, TECHNOLOGY_ID) VALUES ('a042608f-5e33-4718-bd83-11d32fee0901', 'dada90e7-e495-4970-814d-34762d67e28b');
INSERT INTO JOB_LISTING_TECHNOLOGY (JOB_LISTING_ID, TECHNOLOGY_ID) VALUES ('a042608f-5e33-4718-bd83-11d32fee0901', '12f5b739-b818-4fe2-8fd2-9343a0869892');
INSERT INTO JOB_LISTING_TECHNOLOGY (JOB_LISTING_ID, TECHNOLOGY_ID) VALUES ('a042608f-5e33-4718-bd83-11d32fee0901', 'f7213740-f29a-4d4d-b232-ff6dc53dfe59');
INSERT INTO JOB_LISTING_TECHNOLOGY (JOB_LISTING_ID, TECHNOLOGY_ID) VALUES ('a042608f-5e33-4718-bd83-11d32fee0901', '85b2dd43-48d0-458c-b5a6-ecdbd4dae1b3');
INSERT INTO JOB_LISTING (ID, REGION_ID) VALUES ('b18eb997-46b5-4078-8675-5f5d29e3cc69', 'd9907675-7b6f-4aa5-9380-d31613198062');
INSERT INTO JOB_LISTING_TECHNOLOGY (JOB_LISTING_ID, TECHNOLOGY_ID) VALUES ('b18eb997-46b5-4078-8675-5f5d29e3cc69', 'd37d5595-16b2-4a62-82b0-910a83e0c0be');
INSERT INTO JOB_LISTING_TECHNOLOGY (JOB_LISTING_ID, TECHNOLOGY_ID) VALUES ('b18eb997-46b5-4078-8675-5f5d29e3cc69', 'caa2705f-a177-41ae-8fa1-cc6264c17453');
INSERT INTO JOB_LISTING (ID, REGION_ID) VALUES ('9b9213b1-aa57-4d22-b20e-4ac9c7aa15a9', '84162474-f46d-4f9e-a9ea-c82ddaf33a84');
INSERT INTO JOB_LISTING_TECHNOLOGY (JOB_LISTING_ID, TECHNOLOGY_ID) VALUES ('9b9213b1-aa57-4d22-b20e-4ac9c7aa15a9', 'c77d6801-7e11-496d-a89b-b619d6059730');
INSERT INTO JOB_LISTING_TECHNOLOGY (JOB_LISTING_ID, TECHNOLOGY_ID) VALUES ('9b9213b1-aa57-4d22-b20e-4ac9c7aa15a9', '85b2dd43-48d0-458c-b5a6-ecdbd4dae1b3');
INSERT INTO JOB_LISTING (ID, REGION_ID) VALUES ('fdeaf9e5-5da6-4f61-96b5-d2b14022236f', '1ea66abe-b09a-473d-a896-3da9d279178f');
INSERT INTO JOB_LISTING_TECHNOLOGY (JOB_LISTING_ID, TECHNOLOGY_ID) VALUES ('fdeaf9e5-5da6-4f61-96b5-d2b14022236f', '85b2dd43-48d0-458c-b5a6-ecdbd4dae1b3');
INSERT INTO JOB_LISTING_TECHNOLOGY (JOB_LISTING_ID, TECHNOLOGY_ID) VALUES ('fdeaf9e5-5da6-4f61-96b5-d2b14022236f', 'd93dd155-2c47-4166-83d5-291fc369a54e');
INSERT INTO JOB_LISTING_TECHNOLOGY (JOB_LISTING_ID, TECHNOLOGY_ID) VALUES ('fdeaf9e5-5da6-4f61-96b5-d2b14022236f', '12f5b739-b818-4fe2-8fd2-9343a0869892');
INSERT INTO JOB_LISTING_TECHNOLOGY (JOB_LISTING_ID, TECHNOLOGY_ID) VALUES ('fdeaf9e5-5da6-4f61-96b5-d2b14022236f', 'f7213740-f29a-4d4d-b232-ff6dc53dfe59');
INSERT INTO JOB_LISTING (ID, REGION_ID) VALUES ('fa941004-a4b4-4c20-be10-48f90a9278ce', '0b992576-0429-4315-a3d3-f5f3350479c5');
INSERT INTO JOB_LISTING_TECHNOLOGY (JOB_LISTING_ID, TECHNOLOGY_ID) VALUES ('fa941004-a4b4-4c20-be10-48f90a9278ce', 'caa2705f-a177-41ae-8fa1-cc6264c17453');
INSERT INTO JOB_LISTING_TECHNOLOGY (JOB_LISTING_ID, TECHNOLOGY_ID) VALUES ('fa941004-a4b4-4c20-be10-48f90a9278ce', 'd93dd155-2c47-4166-83d5-291fc369a54e');
INSERT INTO JOB_LISTING_TECHNOLOGY (JOB_LISTING_ID, TECHNOLOGY_ID) VALUES ('fa941004-a4b4-4c20-be10-48f90a9278ce', 'c77d6801-7e11-496d-a89b-b619d6059730');
INSERT INTO JOB_LISTING_TECHNOLOGY (JOB_LISTING_ID, TECHNOLOGY_ID) VALUES ('fa941004-a4b4-4c20-be10-48f90a9278ce', '85b2dd43-48d0-458c-b5a6-ecdbd4dae1b3');
INSERT INTO JOB_LISTING_TECHNOLOGY (JOB_LISTING_ID, TECHNOLOGY_ID) VALUES ('fa941004-a4b4-4c20-be10-48f90a9278ce', 'dada90e7-e495-4970-814d-34762d67e28b');
INSERT INTO JOB_LISTING (ID, REGION_ID) VALUES ('44373bac-000c-42d8-925e-740c2bc9d0d6', '3c69db27-3d1d-492f-ae73-67ac9bdeec94');
INSERT INTO JOB_LISTING_TECHNOLOGY (JOB_LISTING_ID, TECHNOLOGY_ID) VALUES ('44373bac-000c-42d8-925e-740c2bc9d0d6', 'd93dd155-2c47-4166-83d5-291fc369a54e');
INSERT INTO JOB_LISTING_TECHNOLOGY (JOB_LISTING_ID, TECHNOLOGY_ID) VALUES ('44373bac-000c-42d8-925e-740c2bc9d0d6', 'd37d5595-16b2-4a62-82b0-910a83e0c0be');
INSERT INTO JOB_LISTING (ID, REGION_ID) VALUES ('37af022b-5250-4c91-8286-3724b5a3ee0d', '9921c27d-8548-4c8e-b672-bc12c7454998');
INSERT INTO JOB_LISTING_TECHNOLOGY (JOB_LISTING_ID, TECHNOLOGY_ID) VALUES ('37af022b-5250-4c91-8286-3724b5a3ee0d', '80e1c80f-5f8f-4482-aeac-a1328beb807d');
INSERT INTO JOB_LISTING_TECHNOLOGY (JOB_LISTING_ID, TECHNOLOGY_ID) VALUES ('37af022b-5250-4c91-8286-3724b5a3ee0d', 'f7213740-f29a-4d4d-b232-ff6dc53dfe59');
INSERT INTO JOB_LISTING (ID, REGION_ID) VALUES ('6ae86113-da63-4c11-959c-fc5e978037a1', '590a5a5d-110e-4c48-aad8-0d49a41f4d87');
INSERT INTO JOB_LISTING_TECHNOLOGY (JOB_LISTING_ID, TECHNOLOGY_ID) VALUES ('6ae86113-da63-4c11-959c-fc5e978037a1', 'dada90e7-e495-4970-814d-34762d67e28b');
INSERT INTO JOB_LISTING_TECHNOLOGY (JOB_LISTING_ID, TECHNOLOGY_ID) VALUES ('6ae86113-da63-4c11-959c-fc5e978037a1', '80e1c80f-5f8f-4482-aeac-a1328beb807d');
INSERT INTO JOB_LISTING (ID, REGION_ID) VALUES ('8ff425f9-3de3-4248-9513-e568081bb58a', '9076b84e-416e-470a-9511-88423e390ee5');
INSERT INTO JOB_LISTING_TECHNOLOGY (JOB_LISTING_ID, TECHNOLOGY_ID) VALUES ('8ff425f9-3de3-4248-9513-e568081bb58a', 'caa2705f-a177-41ae-8fa1-cc6264c17453');
INSERT INTO JOB_LISTING_TECHNOLOGY (JOB_LISTING_ID, TECHNOLOGY_ID) VALUES ('8ff425f9-3de3-4248-9513-e568081bb58a', '12f5b739-b818-4fe2-8fd2-9343a0869892');
INSERT INTO JOB_LISTING (ID, REGION_ID) VALUES ('b9f200cb-1f8e-4115-939d-a75a77896738', '617e438c-3e35-4556-ae96-0708a74fb099');
INSERT INTO JOB_LISTING_TECHNOLOGY (JOB_LISTING_ID, TECHNOLOGY_ID) VALUES ('b9f200cb-1f8e-4115-939d-a75a77896738', '80e1c80f-5f8f-4482-aeac-a1328beb807d');
INSERT INTO JOB_LISTING_TECHNOLOGY (JOB_LISTING_ID, TECHNOLOGY_ID) VALUES ('b9f200cb-1f8e-4115-939d-a75a77896738', 'caa2705f-a177-41ae-8fa1-cc6264c17453');
INSERT INTO JOB_LISTING_TECHNOLOGY (JOB_LISTING_ID, TECHNOLOGY_ID) VALUES ('b9f200cb-1f8e-4115-939d-a75a77896738', 'd93dd155-2c47-4166-83d5-291fc369a54e');
INSERT INTO JOB_LISTING (ID, REGION_ID) VALUES ('ef437e58-e369-4aab-962d-876768c4318d', '1c6b837b-7115-413d-acdf-e9bb729d2555');
INSERT INTO JOB_LISTING_TECHNOLOGY (JOB_LISTING_ID, TECHNOLOGY_ID) VALUES ('ef437e58-e369-4aab-962d-876768c4318d', 'caa2705f-a177-41ae-8fa1-cc6264c17453');
INSERT INTO JOB_LISTING_TECHNOLOGY (JOB_LISTING_ID, TECHNOLOGY_ID) VALUES ('ef437e58-e369-4aab-962d-876768c4318d', 'd37d5595-16b2-4a62-82b0-910a83e0c0be');
INSERT INTO JOB_LISTING (ID, REGION_ID) VALUES ('564a1514-3610-4bf8-88c4-f8f57dae4219', '1faffd78-fe8d-4525-a3a1-82a7ccb2e4f5');
INSERT INTO JOB_LISTING_TECHNOLOGY (JOB_LISTING_ID, TECHNOLOGY_ID) VALUES ('564a1514-3610-4bf8-88c4-f8f57dae4219', '85b2dd43-48d0-458c-b5a6-ecdbd4dae1b3');
INSERT INTO JOB_LISTING_TECHNOLOGY (JOB_LISTING_ID, TECHNOLOGY_ID) VALUES ('564a1514-3610-4bf8-88c4-f8f57dae4219', 'dada90e7-e495-4970-814d-34762d67e28b');
INSERT INTO JOB_LISTING_TECHNOLOGY (JOB_LISTING_ID, TECHNOLOGY_ID) VALUES ('564a1514-3610-4bf8-88c4-f8f57dae4219', 'caa2705f-a177-41ae-8fa1-cc6264c17453');
INSERT INTO JOB_LISTING (ID, REGION_ID) VALUES ('430e7ee1-7e82-4e85-90bc-9f71fa73a839', 'eceaa8b9-3b66-4bf9-8dee-28ad2dcee356');
INSERT INTO JOB_LISTING_TECHNOLOGY (JOB_LISTING_ID, TECHNOLOGY_ID) VALUES ('430e7ee1-7e82-4e85-90bc-9f71fa73a839', '80e1c80f-5f8f-4482-aeac-a1328beb807d');
INSERT INTO JOB_LISTING_TECHNOLOGY (JOB_LISTING_ID, TECHNOLOGY_ID) VALUES ('430e7ee1-7e82-4e85-90bc-9f71fa73a839', 'caa2705f-a177-41ae-8fa1-cc6264c17453');
INSERT INTO JOB_LISTING_TECHNOLOGY (JOB_LISTING_ID, TECHNOLOGY_ID) VALUES ('430e7ee1-7e82-4e85-90bc-9f71fa73a839', 'c77d6801-7e11-496d-a89b-b619d6059730');
INSERT INTO JOB_LISTING_TECHNOLOGY (JOB_LISTING_ID, TECHNOLOGY_ID) VALUES ('430e7ee1-7e82-4e85-90bc-9f71fa73a839', '12f5b739-b818-4fe2-8fd2-9343a0869892');
INSERT INTO JOB_LISTING_TECHNOLOGY (JOB_LISTING_ID, TECHNOLOGY_ID) VALUES ('430e7ee1-7e82-4e85-90bc-9f71fa73a839', 'dada90e7-e495-4970-814d-34762d67e28b');
INSERT INTO JOB_LISTING (ID, REGION_ID) VALUES ('c6cc71be-a0f9-434f-92b0-e5db02121d8b', '205585ce-5eb8-4242-8926-0ab53ab82514');
INSERT INTO JOB_LISTING_TECHNOLOGY (JOB_LISTING_ID, TECHNOLOGY_ID) VALUES ('c6cc71be-a0f9-434f-92b0-e5db02121d8b', '80e1c80f-5f8f-4482-aeac-a1328beb807d');
INSERT INTO JOB_LISTING_TECHNOLOGY (JOB_LISTING_ID, TECHNOLOGY_ID) VALUES ('c6cc71be-a0f9-434f-92b0-e5db02121d8b', 'dada90e7-e495-4970-814d-34762d67e28b');
INSERT INTO JOB_LISTING_TECHNOLOGY (JOB_LISTING_ID, TECHNOLOGY_ID) VALUES ('c6cc71be-a0f9-434f-92b0-e5db02121d8b', '46582243-11e4-450e-be96-8a01d9a1d304');
INSERT INTO JOB_LISTING_TECHNOLOGY (JOB_LISTING_ID, TECHNOLOGY_ID) VALUES ('c6cc71be-a0f9-434f-92b0-e5db02121d8b', '12f5b739-b818-4fe2-8fd2-9343a0869892');
INSERT INTO JOB_LISTING (ID, REGION_ID) VALUES ('fa60b7dc-1be6-4f9e-acc1-0e3f89d7c801', 'b27dce47-bb60-451c-bc08-92d976c2518a');
INSERT INTO JOB_LISTING_TECHNOLOGY (JOB_LISTING_ID, TECHNOLOGY_ID) VALUES ('fa60b7dc-1be6-4f9e-acc1-0e3f89d7c801', 'dada90e7-e495-4970-814d-34762d67e28b');
INSERT INTO JOB_LISTING_TECHNOLOGY (JOB_LISTING_ID, TECHNOLOGY_ID) VALUES ('fa60b7dc-1be6-4f9e-acc1-0e3f89d7c801', 'f7213740-f29a-4d4d-b232-ff6dc53dfe59');
INSERT INTO JOB_LISTING_TECHNOLOGY (JOB_LISTING_ID, TECHNOLOGY_ID) VALUES ('fa60b7dc-1be6-4f9e-acc1-0e3f89d7c801', 'd93dd155-2c47-4166-83d5-291fc369a54e');
INSERT INTO JOB_LISTING_TECHNOLOGY (JOB_LISTING_ID, TECHNOLOGY_ID) VALUES ('fa60b7dc-1be6-4f9e-acc1-0e3f89d7c801', 'caa2705f-a177-41ae-8fa1-cc6264c17453');
INSERT INTO JOB_LISTING (ID, REGION_ID) VALUES ('eb762fed-c453-4d91-a9f0-16e5fba1d20f', 'a452ef93-d79a-40d7-ad14-1190fa11e65b');
INSERT INTO JOB_LISTING_TECHNOLOGY (JOB_LISTING_ID, TECHNOLOGY_ID) VALUES ('eb762fed-c453-4d91-a9f0-16e5fba1d20f', 'dada90e7-e495-4970-814d-34762d67e28b');
INSERT INTO JOB_LISTING_TECHNOLOGY (JOB_LISTING_ID, TECHNOLOGY_ID) VALUES ('eb762fed-c453-4d91-a9f0-16e5fba1d20f', 'caa2705f-a177-41ae-8fa1-cc6264c17453');
INSERT INTO JOB_LISTING_TECHNOLOGY (JOB_LISTING_ID, TECHNOLOGY_ID) VALUES ('eb762fed-c453-4d91-a9f0-16e5fba1d20f', '80e1c80f-5f8f-4482-aeac-a1328beb807d');
INSERT INTO JOB_LISTING_TECHNOLOGY (JOB_LISTING_ID, TECHNOLOGY_ID) VALUES ('eb762fed-c453-4d91-a9f0-16e5fba1d20f', 'd37d5595-16b2-4a62-82b0-910a83e0c0be');
INSERT INTO JOB_LISTING (ID, REGION_ID) VALUES ('ccb3d8b6-58c6-40d9-9cd2-54dfc4ac41b3', 'abfc222c-5ee8-4847-a50d-06a5b095ea25');
INSERT INTO JOB_LISTING_TECHNOLOGY (JOB_LISTING_ID, TECHNOLOGY_ID) VALUES ('ccb3d8b6-58c6-40d9-9cd2-54dfc4ac41b3', '80e1c80f-5f8f-4482-aeac-a1328beb807d');
INSERT INTO JOB_LISTING_TECHNOLOGY (JOB_LISTING_ID, TECHNOLOGY_ID) VALUES ('ccb3d8b6-58c6-40d9-9cd2-54dfc4ac41b3', 'dada90e7-e495-4970-814d-34762d67e28b');
INSERT INTO JOB_LISTING (ID, REGION_ID) VALUES ('413e9b40-3795-497f-a3c1-d8041227cd33', 'ff17b5c0-07ca-434d-90cf-85e038f4bdd5');
INSERT INTO JOB_LISTING_TECHNOLOGY (JOB_LISTING_ID, TECHNOLOGY_ID) VALUES ('413e9b40-3795-497f-a3c1-d8041227cd33', '80e1c80f-5f8f-4482-aeac-a1328beb807d');
INSERT INTO JOB_LISTING_TECHNOLOGY (JOB_LISTING_ID, TECHNOLOGY_ID) VALUES ('413e9b40-3795-497f-a3c1-d8041227cd33', '46582243-11e4-450e-be96-8a01d9a1d304');
INSERT INTO JOB_LISTING_TECHNOLOGY (JOB_LISTING_ID, TECHNOLOGY_ID) VALUES ('413e9b40-3795-497f-a3c1-d8041227cd33', '85b2dd43-48d0-458c-b5a6-ecdbd4dae1b3');
INSERT INTO JOB_LISTING_TECHNOLOGY (JOB_LISTING_ID, TECHNOLOGY_ID) VALUES ('413e9b40-3795-497f-a3c1-d8041227cd33', 'c77d6801-7e11-496d-a89b-b619d6059730');
INSERT INTO JOB_LISTING (ID, REGION_ID) VALUES ('d6aedb41-9dd7-4c74-8f93-75e3ceb45a2b', 'f91ee8cd-d915-4d9b-be2d-4a7e53e586a9');
INSERT INTO JOB_LISTING_TECHNOLOGY (JOB_LISTING_ID, TECHNOLOGY_ID) VALUES ('d6aedb41-9dd7-4c74-8f93-75e3ceb45a2b', '46582243-11e4-450e-be96-8a01d9a1d304');
INSERT INTO JOB_LISTING_TECHNOLOGY (JOB_LISTING_ID, TECHNOLOGY_ID) VALUES ('d6aedb41-9dd7-4c74-8f93-75e3ceb45a2b', 'c77d6801-7e11-496d-a89b-b619d6059730');
INSERT INTO JOB_LISTING_TECHNOLOGY (JOB_LISTING_ID, TECHNOLOGY_ID) VALUES ('d6aedb41-9dd7-4c74-8f93-75e3ceb45a2b', '12f5b739-b818-4fe2-8fd2-9343a0869892');
INSERT INTO JOB_LISTING (ID, REGION_ID) VALUES ('160e93cb-09b4-46ab-9b6f-d9497adb34ba', 'c7767916-37b7-46df-80c1-d62d0f8c934a');
INSERT INTO JOB_LISTING_TECHNOLOGY (JOB_LISTING_ID, TECHNOLOGY_ID) VALUES ('160e93cb-09b4-46ab-9b6f-d9497adb34ba', 'f7213740-f29a-4d4d-b232-ff6dc53dfe59');
INSERT INTO JOB_LISTING_TECHNOLOGY (JOB_LISTING_ID, TECHNOLOGY_ID) VALUES ('160e93cb-09b4-46ab-9b6f-d9497adb34ba', 'd37d5595-16b2-4a62-82b0-910a83e0c0be');
INSERT INTO JOB_LISTING_TECHNOLOGY (JOB_LISTING_ID, TECHNOLOGY_ID) VALUES ('160e93cb-09b4-46ab-9b6f-d9497adb34ba', 'd93dd155-2c47-4166-83d5-291fc369a54e');
INSERT INTO JOB_LISTING_TECHNOLOGY (JOB_LISTING_ID, TECHNOLOGY_ID) VALUES ('160e93cb-09b4-46ab-9b6f-d9497adb34ba', '46582243-11e4-450e-be96-8a01d9a1d304');
INSERT INTO JOB_LISTING (ID, REGION_ID) VALUES ('44a9cbbf-fc77-4d7e-a001-a1c01e96b211', '75724134-4f6c-4573-83a7-5c512bf75195');
INSERT INTO JOB_LISTING_TECHNOLOGY (JOB_LISTING_ID, TECHNOLOGY_ID) VALUES ('44a9cbbf-fc77-4d7e-a001-a1c01e96b211', '85b2dd43-48d0-458c-b5a6-ecdbd4dae1b3');
INSERT INTO JOB_LISTING_TECHNOLOGY (JOB_LISTING_ID, TECHNOLOGY_ID) VALUES ('44a9cbbf-fc77-4d7e-a001-a1c01e96b211', '12f5b739-b818-4fe2-8fd2-9343a0869892');
INSERT INTO JOB_LISTING_TECHNOLOGY (JOB_LISTING_ID, TECHNOLOGY_ID) VALUES ('44a9cbbf-fc77-4d7e-a001-a1c01e96b211', 'd93dd155-2c47-4166-83d5-291fc369a54e');
INSERT INTO JOB_LISTING (ID, REGION_ID) VALUES ('466b1713-e47a-4672-8966-ce7f7ea8a7d9', '0fc67f63-1e7a-40d6-8e4a-a911ba5d7203');
INSERT INTO JOB_LISTING_TECHNOLOGY (JOB_LISTING_ID, TECHNOLOGY_ID) VALUES ('466b1713-e47a-4672-8966-ce7f7ea8a7d9', 'f7213740-f29a-4d4d-b232-ff6dc53dfe59');
INSERT INTO JOB_LISTING_TECHNOLOGY (JOB_LISTING_ID, TECHNOLOGY_ID) VALUES ('466b1713-e47a-4672-8966-ce7f7ea8a7d9', '46582243-11e4-450e-be96-8a01d9a1d304');
INSERT INTO JOB_LISTING (ID, REGION_ID) VALUES ('47e5e52b-02c2-4451-a5b3-1ba0aef33d4b', 'd17281b9-c6fc-4aab-86d4-9ab24bb3b6fd');
INSERT INTO JOB_LISTING_TECHNOLOGY (JOB_LISTING_ID, TECHNOLOGY_ID) VALUES ('47e5e52b-02c2-4451-a5b3-1ba0aef33d4b', '12f5b739-b818-4fe2-8fd2-9343a0869892');
INSERT INTO JOB_LISTING_TECHNOLOGY (JOB_LISTING_ID, TECHNOLOGY_ID) VALUES ('47e5e52b-02c2-4451-a5b3-1ba0aef33d4b', '85b2dd43-48d0-458c-b5a6-ecdbd4dae1b3');
INSERT INTO JOB_LISTING (ID, REGION_ID) VALUES ('efb36259-1421-4ab0-9a4d-77f816478ad4', 'fdb63d77-f427-41bb-96a2-91130f3a0466');
INSERT INTO JOB_LISTING_TECHNOLOGY (JOB_LISTING_ID, TECHNOLOGY_ID) VALUES ('efb36259-1421-4ab0-9a4d-77f816478ad4', '12f5b739-b818-4fe2-8fd2-9343a0869892');
INSERT INTO JOB_LISTING_TECHNOLOGY (JOB_LISTING_ID, TECHNOLOGY_ID) VALUES ('efb36259-1421-4ab0-9a4d-77f816478ad4', 'd93dd155-2c47-4166-83d5-291fc369a54e');
INSERT INTO JOB_LISTING_TECHNOLOGY (JOB_LISTING_ID, TECHNOLOGY_ID) VALUES ('efb36259-1421-4ab0-9a4d-77f816478ad4', 'caa2705f-a177-41ae-8fa1-cc6264c17453');
INSERT INTO JOB_LISTING_TECHNOLOGY (JOB_LISTING_ID, TECHNOLOGY_ID) VALUES ('efb36259-1421-4ab0-9a4d-77f816478ad4', 'f7213740-f29a-4d4d-b232-ff6dc53dfe59');
INSERT INTO JOB_LISTING (ID, REGION_ID) VALUES ('295a0645-7a31-4bda-b173-aa4df37c7b70', 'e6056c00-d6d4-4a39-9cb0-5e7c3751c9f3');
INSERT INTO JOB_LISTING_TECHNOLOGY (JOB_LISTING_ID, TECHNOLOGY_ID) VALUES ('295a0645-7a31-4bda-b173-aa4df37c7b70', 'caa2705f-a177-41ae-8fa1-cc6264c17453');
INSERT INTO JOB_LISTING_TECHNOLOGY (JOB_LISTING_ID, TECHNOLOGY_ID) VALUES ('295a0645-7a31-4bda-b173-aa4df37c7b70', '85b2dd43-48d0-458c-b5a6-ecdbd4dae1b3');
INSERT INTO JOB_LISTING_TECHNOLOGY (JOB_LISTING_ID, TECHNOLOGY_ID) VALUES ('295a0645-7a31-4bda-b173-aa4df37c7b70', '46582243-11e4-450e-be96-8a01d9a1d304');
INSERT INTO JOB_LISTING_TECHNOLOGY (JOB_LISTING_ID, TECHNOLOGY_ID) VALUES ('295a0645-7a31-4bda-b173-aa4df37c7b70', '12f5b739-b818-4fe2-8fd2-9343a0869892');
INSERT INTO JOB_LISTING (ID, REGION_ID) VALUES ('df5c6c3e-4f44-423f-8cbf-131f02a16b6a', '8f210672-db08-4e81-b492-d69dd03adb6b');
INSERT INTO JOB_LISTING_TECHNOLOGY (JOB_LISTING_ID, TECHNOLOGY_ID) VALUES ('df5c6c3e-4f44-423f-8cbf-131f02a16b6a', 'd93dd155-2c47-4166-83d5-291fc369a54e');
INSERT INTO JOB_LISTING_TECHNOLOGY (JOB_LISTING_ID, TECHNOLOGY_ID) VALUES ('df5c6c3e-4f44-423f-8cbf-131f02a16b6a', 'f7213740-f29a-4d4d-b232-ff6dc53dfe59');
INSERT INTO JOB_LISTING_TECHNOLOGY (JOB_LISTING_ID, TECHNOLOGY_ID) VALUES ('df5c6c3e-4f44-423f-8cbf-131f02a16b6a', 'caa2705f-a177-41ae-8fa1-cc6264c17453');
INSERT INTO JOB_LISTING (ID, REGION_ID) VALUES ('c450c866-167f-4f0e-96ee-97e86f71c417', 'eb81d4f5-05de-40d0-85cc-ba5b5006a277');
INSERT INTO JOB_LISTING_TECHNOLOGY (JOB_LISTING_ID, TECHNOLOGY_ID) VALUES ('c450c866-167f-4f0e-96ee-97e86f71c417', 'dada90e7-e495-4970-814d-34762d67e28b');
INSERT INTO JOB_LISTING_TECHNOLOGY (JOB_LISTING_ID, TECHNOLOGY_ID) VALUES ('c450c866-167f-4f0e-96ee-97e86f71c417', '85b2dd43-48d0-458c-b5a6-ecdbd4dae1b3');
INSERT INTO JOB_LISTING (ID, REGION_ID) VALUES ('18e25072-61ca-4c11-9309-e70ecf53399c', 'd340f5b0-5115-49fe-a743-c78604ee56ff');
INSERT INTO JOB_LISTING_TECHNOLOGY (JOB_LISTING_ID, TECHNOLOGY_ID) VALUES ('18e25072-61ca-4c11-9309-e70ecf53399c', 'd93dd155-2c47-4166-83d5-291fc369a54e');
INSERT INTO JOB_LISTING_TECHNOLOGY (JOB_LISTING_ID, TECHNOLOGY_ID) VALUES ('18e25072-61ca-4c11-9309-e70ecf53399c', '85b2dd43-48d0-458c-b5a6-ecdbd4dae1b3');
INSERT INTO JOB_LISTING_TECHNOLOGY (JOB_LISTING_ID, TECHNOLOGY_ID) VALUES ('18e25072-61ca-4c11-9309-e70ecf53399c', '80e1c80f-5f8f-4482-aeac-a1328beb807d');
INSERT INTO JOB_LISTING_TECHNOLOGY (JOB_LISTING_ID, TECHNOLOGY_ID) VALUES ('18e25072-61ca-4c11-9309-e70ecf53399c', 'dada90e7-e495-4970-814d-34762d67e28b');
INSERT INTO JOB_LISTING (ID, REGION_ID) VALUES ('0375c936-befe-423d-9c63-cf7082280041', 'd9907675-7b6f-4aa5-9380-d31613198062');
INSERT INTO JOB_LISTING_TECHNOLOGY (JOB_LISTING_ID, TECHNOLOGY_ID) VALUES ('0375c936-befe-423d-9c63-cf7082280041', 'dada90e7-e495-4970-814d-34762d67e28b');
INSERT INTO JOB_LISTING_TECHNOLOGY (JOB_LISTING_ID, TECHNOLOGY_ID) VALUES ('0375c936-befe-423d-9c63-cf7082280041', 'f7213740-f29a-4d4d-b232-ff6dc53dfe59');
INSERT INTO JOB_LISTING (ID, REGION_ID) VALUES ('a77d0ac0-1194-4051-97c1-1976801379ab', '84162474-f46d-4f9e-a9ea-c82ddaf33a84');
INSERT INTO JOB_LISTING_TECHNOLOGY (JOB_LISTING_ID, TECHNOLOGY_ID) VALUES ('a77d0ac0-1194-4051-97c1-1976801379ab', 'caa2705f-a177-41ae-8fa1-cc6264c17453');
INSERT INTO JOB_LISTING_TECHNOLOGY (JOB_LISTING_ID, TECHNOLOGY_ID) VALUES ('a77d0ac0-1194-4051-97c1-1976801379ab', 'dada90e7-e495-4970-814d-34762d67e28b');
INSERT INTO JOB_LISTING_TECHNOLOGY (JOB_LISTING_ID, TECHNOLOGY_ID) VALUES ('a77d0ac0-1194-4051-97c1-1976801379ab', '12f5b739-b818-4fe2-8fd2-9343a0869892');
INSERT INTO JOB_LISTING_TECHNOLOGY (JOB_LISTING_ID, TECHNOLOGY_ID) VALUES ('a77d0ac0-1194-4051-97c1-1976801379ab', '85b2dd43-48d0-458c-b5a6-ecdbd4dae1b3');
INSERT INTO JOB_LISTING (ID, REGION_ID) VALUES ('b02b83c1-785a-4af2-ad19-d694a4f21861', '1ea66abe-b09a-473d-a896-3da9d279178f');
INSERT INTO JOB_LISTING_TECHNOLOGY (JOB_LISTING_ID, TECHNOLOGY_ID) VALUES ('b02b83c1-785a-4af2-ad19-d694a4f21861', 'caa2705f-a177-41ae-8fa1-cc6264c17453');
INSERT INTO JOB_LISTING_TECHNOLOGY (JOB_LISTING_ID, TECHNOLOGY_ID) VALUES ('b02b83c1-785a-4af2-ad19-d694a4f21861', '85b2dd43-48d0-458c-b5a6-ecdbd4dae1b3');
INSERT INTO JOB_LISTING_TECHNOLOGY (JOB_LISTING_ID, TECHNOLOGY_ID) VALUES ('b02b83c1-785a-4af2-ad19-d694a4f21861', 'd37d5595-16b2-4a62-82b0-910a83e0c0be');
INSERT INTO JOB_LISTING_TECHNOLOGY (JOB_LISTING_ID, TECHNOLOGY_ID) VALUES ('b02b83c1-785a-4af2-ad19-d694a4f21861', 'f7213740-f29a-4d4d-b232-ff6dc53dfe59');
INSERT INTO JOB_LISTING_TECHNOLOGY (JOB_LISTING_ID, TECHNOLOGY_ID) VALUES ('b02b83c1-785a-4af2-ad19-d694a4f21861', 'c77d6801-7e11-496d-a89b-b619d6059730');
INSERT INTO JOB_LISTING (ID, REGION_ID) VALUES ('0a3f76c1-16a5-437f-8623-c1e3013d4ccb', '0b992576-0429-4315-a3d3-f5f3350479c5');
INSERT INTO JOB_LISTING_TECHNOLOGY (JOB_LISTING_ID, TECHNOLOGY_ID) VALUES ('0a3f76c1-16a5-437f-8623-c1e3013d4ccb', 'caa2705f-a177-41ae-8fa1-cc6264c17453');
INSERT INTO JOB_LISTING_TECHNOLOGY (JOB_LISTING_ID, TECHNOLOGY_ID) VALUES ('0a3f76c1-16a5-437f-8623-c1e3013d4ccb', '85b2dd43-48d0-458c-b5a6-ecdbd4dae1b3');
INSERT INTO JOB_LISTING_TECHNOLOGY (JOB_LISTING_ID, TECHNOLOGY_ID) VALUES ('0a3f76c1-16a5-437f-8623-c1e3013d4ccb', 'd37d5595-16b2-4a62-82b0-910a83e0c0be');
INSERT INTO JOB_LISTING (ID, REGION_ID) VALUES ('350672b1-25b7-4451-af81-507d2a93c816', '3c69db27-3d1d-492f-ae73-67ac9bdeec94');
INSERT INTO JOB_LISTING_TECHNOLOGY (JOB_LISTING_ID, TECHNOLOGY_ID) VALUES ('350672b1-25b7-4451-af81-507d2a93c816', 'd37d5595-16b2-4a62-82b0-910a83e0c0be');
INSERT INTO JOB_LISTING_TECHNOLOGY (JOB_LISTING_ID, TECHNOLOGY_ID) VALUES ('350672b1-25b7-4451-af81-507d2a93c816', '46582243-11e4-450e-be96-8a01d9a1d304');
INSERT INTO JOB_LISTING_TECHNOLOGY (JOB_LISTING_ID, TECHNOLOGY_ID) VALUES ('350672b1-25b7-4451-af81-507d2a93c816', 'f7213740-f29a-4d4d-b232-ff6dc53dfe59');
INSERT INTO JOB_LISTING (ID, REGION_ID) VALUES ('cd974220-26f3-4dd0-8de9-f40d97bb31f2', '9921c27d-8548-4c8e-b672-bc12c7454998');
INSERT INTO JOB_LISTING_TECHNOLOGY (JOB_LISTING_ID, TECHNOLOGY_ID) VALUES ('cd974220-26f3-4dd0-8de9-f40d97bb31f2', '46582243-11e4-450e-be96-8a01d9a1d304');
INSERT INTO JOB_LISTING_TECHNOLOGY (JOB_LISTING_ID, TECHNOLOGY_ID) VALUES ('cd974220-26f3-4dd0-8de9-f40d97bb31f2', 'f7213740-f29a-4d4d-b232-ff6dc53dfe59');
INSERT INTO JOB_LISTING_TECHNOLOGY (JOB_LISTING_ID, TECHNOLOGY_ID) VALUES ('cd974220-26f3-4dd0-8de9-f40d97bb31f2', 'caa2705f-a177-41ae-8fa1-cc6264c17453');
INSERT INTO JOB_LISTING_TECHNOLOGY (JOB_LISTING_ID, TECHNOLOGY_ID) VALUES ('cd974220-26f3-4dd0-8de9-f40d97bb31f2', '85b2dd43-48d0-458c-b5a6-ecdbd4dae1b3');
INSERT INTO JOB_LISTING_TECHNOLOGY (JOB_LISTING_ID, TECHNOLOGY_ID) VALUES ('cd974220-26f3-4dd0-8de9-f40d97bb31f2', 'dada90e7-e495-4970-814d-34762d67e28b');
INSERT INTO JOB_LISTING (ID, REGION_ID) VALUES ('68a0d793-5cab-47cb-8e80-0ed5bca967fc', '590a5a5d-110e-4c48-aad8-0d49a41f4d87');
INSERT INTO JOB_LISTING_TECHNOLOGY (JOB_LISTING_ID, TECHNOLOGY_ID) VALUES ('68a0d793-5cab-47cb-8e80-0ed5bca967fc', 'd93dd155-2c47-4166-83d5-291fc369a54e');
INSERT INTO JOB_LISTING_TECHNOLOGY (JOB_LISTING_ID, TECHNOLOGY_ID) VALUES ('68a0d793-5cab-47cb-8e80-0ed5bca967fc', 'caa2705f-a177-41ae-8fa1-cc6264c17453');
INSERT INTO JOB_LISTING (ID, REGION_ID) VALUES ('d8fbc515-41b8-495e-b906-27d294caa460', '9076b84e-416e-470a-9511-88423e390ee5');
INSERT INTO JOB_LISTING_TECHNOLOGY (JOB_LISTING_ID, TECHNOLOGY_ID) VALUES ('d8fbc515-41b8-495e-b906-27d294caa460', 'f7213740-f29a-4d4d-b232-ff6dc53dfe59');
INSERT INTO JOB_LISTING_TECHNOLOGY (JOB_LISTING_ID, TECHNOLOGY_ID) VALUES ('d8fbc515-41b8-495e-b906-27d294caa460', '12f5b739-b818-4fe2-8fd2-9343a0869892');
INSERT INTO JOB_LISTING_TECHNOLOGY (JOB_LISTING_ID, TECHNOLOGY_ID) VALUES ('d8fbc515-41b8-495e-b906-27d294caa460', 'd93dd155-2c47-4166-83d5-291fc369a54e');
INSERT INTO JOB_LISTING_TECHNOLOGY (JOB_LISTING_ID, TECHNOLOGY_ID) VALUES ('d8fbc515-41b8-495e-b906-27d294caa460', 'caa2705f-a177-41ae-8fa1-cc6264c17453');
INSERT INTO JOB_LISTING_TECHNOLOGY (JOB_LISTING_ID, TECHNOLOGY_ID) VALUES ('d8fbc515-41b8-495e-b906-27d294caa460', 'dada90e7-e495-4970-814d-34762d67e28b');
INSERT INTO JOB_LISTING (ID, REGION_ID) VALUES ('5f212aa9-34ed-4d80-9e55-da98ee22caad', '617e438c-3e35-4556-ae96-0708a74fb099');
INSERT INTO JOB_LISTING_TECHNOLOGY (JOB_LISTING_ID, TECHNOLOGY_ID) VALUES ('5f212aa9-34ed-4d80-9e55-da98ee22caad', 'caa2705f-a177-41ae-8fa1-cc6264c17453');
INSERT INTO JOB_LISTING_TECHNOLOGY (JOB_LISTING_ID, TECHNOLOGY_ID) VALUES ('5f212aa9-34ed-4d80-9e55-da98ee22caad', '85b2dd43-48d0-458c-b5a6-ecdbd4dae1b3');
INSERT INTO JOB_LISTING_TECHNOLOGY (JOB_LISTING_ID, TECHNOLOGY_ID) VALUES ('5f212aa9-34ed-4d80-9e55-da98ee22caad', 'd37d5595-16b2-4a62-82b0-910a83e0c0be');
INSERT INTO JOB_LISTING_TECHNOLOGY (JOB_LISTING_ID, TECHNOLOGY_ID) VALUES ('5f212aa9-34ed-4d80-9e55-da98ee22caad', 'd93dd155-2c47-4166-83d5-291fc369a54e');
INSERT INTO JOB_LISTING (ID, REGION_ID) VALUES ('229fa41f-c176-462f-8143-1eb72be9b23d', '1c6b837b-7115-413d-acdf-e9bb729d2555');
INSERT INTO JOB_LISTING_TECHNOLOGY (JOB_LISTING_ID, TECHNOLOGY_ID) VALUES ('229fa41f-c176-462f-8143-1eb72be9b23d', '12f5b739-b818-4fe2-8fd2-9343a0869892');
INSERT INTO JOB_LISTING_TECHNOLOGY (JOB_LISTING_ID, TECHNOLOGY_ID) VALUES ('229fa41f-c176-462f-8143-1eb72be9b23d', 'd93dd155-2c47-4166-83d5-291fc369a54e');
INSERT INTO JOB_LISTING_TECHNOLOGY (JOB_LISTING_ID, TECHNOLOGY_ID) VALUES ('229fa41f-c176-462f-8143-1eb72be9b23d', 'd37d5595-16b2-4a62-82b0-910a83e0c0be');
INSERT INTO JOB_LISTING (ID, REGION_ID) VALUES ('64e1e072-3d74-41c7-adf7-408efedfed5e', '1faffd78-fe8d-4525-a3a1-82a7ccb2e4f5');
INSERT INTO JOB_LISTING_TECHNOLOGY (JOB_LISTING_ID, TECHNOLOGY_ID) VALUES ('64e1e072-3d74-41c7-adf7-408efedfed5e', '80e1c80f-5f8f-4482-aeac-a1328beb807d');
INSERT INTO JOB_LISTING_TECHNOLOGY (JOB_LISTING_ID, TECHNOLOGY_ID) VALUES ('64e1e072-3d74-41c7-adf7-408efedfed5e', 'c77d6801-7e11-496d-a89b-b619d6059730');
INSERT INTO JOB_LISTING_TECHNOLOGY (JOB_LISTING_ID, TECHNOLOGY_ID) VALUES ('64e1e072-3d74-41c7-adf7-408efedfed5e', '46582243-11e4-450e-be96-8a01d9a1d304');
INSERT INTO JOB_LISTING_TECHNOLOGY (JOB_LISTING_ID, TECHNOLOGY_ID) VALUES ('64e1e072-3d74-41c7-adf7-408efedfed5e', 'dada90e7-e495-4970-814d-34762d67e28b');
INSERT INTO JOB_LISTING_TECHNOLOGY (JOB_LISTING_ID, TECHNOLOGY_ID) VALUES ('64e1e072-3d74-41c7-adf7-408efedfed5e', 'd37d5595-16b2-4a62-82b0-910a83e0c0be');
INSERT INTO JOB_LISTING (ID, REGION_ID) VALUES ('ed0fde3f-6e00-497a-a235-b2be367029aa', 'eceaa8b9-3b66-4bf9-8dee-28ad2dcee356');
INSERT INTO JOB_LISTING_TECHNOLOGY (JOB_LISTING_ID, TECHNOLOGY_ID) VALUES ('ed0fde3f-6e00-497a-a235-b2be367029aa', 'c77d6801-7e11-496d-a89b-b619d6059730');
INSERT INTO JOB_LISTING_TECHNOLOGY (JOB_LISTING_ID, TECHNOLOGY_ID) VALUES ('ed0fde3f-6e00-497a-a235-b2be367029aa', 'd37d5595-16b2-4a62-82b0-910a83e0c0be');
INSERT INTO JOB_LISTING (ID, REGION_ID) VALUES ('4f867df9-658b-4ece-a0c5-765a0b401901', '205585ce-5eb8-4242-8926-0ab53ab82514');
INSERT INTO JOB_LISTING_TECHNOLOGY (JOB_LISTING_ID, TECHNOLOGY_ID) VALUES ('4f867df9-658b-4ece-a0c5-765a0b401901', '12f5b739-b818-4fe2-8fd2-9343a0869892');
INSERT INTO JOB_LISTING_TECHNOLOGY (JOB_LISTING_ID, TECHNOLOGY_ID) VALUES ('4f867df9-658b-4ece-a0c5-765a0b401901', 'caa2705f-a177-41ae-8fa1-cc6264c17453');
INSERT INTO JOB_LISTING_TECHNOLOGY (JOB_LISTING_ID, TECHNOLOGY_ID) VALUES ('4f867df9-658b-4ece-a0c5-765a0b401901', '80e1c80f-5f8f-4482-aeac-a1328beb807d');
INSERT INTO JOB_LISTING_TECHNOLOGY (JOB_LISTING_ID, TECHNOLOGY_ID) VALUES ('4f867df9-658b-4ece-a0c5-765a0b401901', '46582243-11e4-450e-be96-8a01d9a1d304');
INSERT INTO JOB_LISTING_TECHNOLOGY (JOB_LISTING_ID, TECHNOLOGY_ID) VALUES ('4f867df9-658b-4ece-a0c5-765a0b401901', 'd37d5595-16b2-4a62-82b0-910a83e0c0be');
INSERT INTO JOB_LISTING (ID, REGION_ID) VALUES ('b5f68967-47b6-40ad-a5a9-d17890aaceda', 'b27dce47-bb60-451c-bc08-92d976c2518a');
INSERT INTO JOB_LISTING_TECHNOLOGY (JOB_LISTING_ID, TECHNOLOGY_ID) VALUES ('b5f68967-47b6-40ad-a5a9-d17890aaceda', '12f5b739-b818-4fe2-8fd2-9343a0869892');
INSERT INTO JOB_LISTING_TECHNOLOGY (JOB_LISTING_ID, TECHNOLOGY_ID) VALUES ('b5f68967-47b6-40ad-a5a9-d17890aaceda', '80e1c80f-5f8f-4482-aeac-a1328beb807d');
INSERT INTO JOB_LISTING_TECHNOLOGY (JOB_LISTING_ID, TECHNOLOGY_ID) VALUES ('b5f68967-47b6-40ad-a5a9-d17890aaceda', 'd93dd155-2c47-4166-83d5-291fc369a54e');
INSERT INTO JOB_LISTING_TECHNOLOGY (JOB_LISTING_ID, TECHNOLOGY_ID) VALUES ('b5f68967-47b6-40ad-a5a9-d17890aaceda', 'f7213740-f29a-4d4d-b232-ff6dc53dfe59');
INSERT INTO JOB_LISTING_TECHNOLOGY (JOB_LISTING_ID, TECHNOLOGY_ID) VALUES ('b5f68967-47b6-40ad-a5a9-d17890aaceda', 'c77d6801-7e11-496d-a89b-b619d6059730');
INSERT INTO JOB_LISTING (ID, REGION_ID) VALUES ('4575c092-0ef6-48a1-8ae6-77d914feea40', 'a452ef93-d79a-40d7-ad14-1190fa11e65b');
INSERT INTO JOB_LISTING_TECHNOLOGY (JOB_LISTING_ID, TECHNOLOGY_ID) VALUES ('4575c092-0ef6-48a1-8ae6-77d914feea40', '12f5b739-b818-4fe2-8fd2-9343a0869892');
INSERT INTO JOB_LISTING_TECHNOLOGY (JOB_LISTING_ID, TECHNOLOGY_ID) VALUES ('4575c092-0ef6-48a1-8ae6-77d914feea40', 'dada90e7-e495-4970-814d-34762d67e28b');
INSERT INTO JOB_LISTING_TECHNOLOGY (JOB_LISTING_ID, TECHNOLOGY_ID) VALUES ('4575c092-0ef6-48a1-8ae6-77d914feea40', 'caa2705f-a177-41ae-8fa1-cc6264c17453');
INSERT INTO JOB_LISTING (ID, REGION_ID) VALUES ('88768900-343f-475e-b1ea-438b8ffcd023', 'abfc222c-5ee8-4847-a50d-06a5b095ea25');
INSERT INTO JOB_LISTING_TECHNOLOGY (JOB_LISTING_ID, TECHNOLOGY_ID) VALUES ('88768900-343f-475e-b1ea-438b8ffcd023', 'caa2705f-a177-41ae-8fa1-cc6264c17453');
INSERT INTO JOB_LISTING_TECHNOLOGY (JOB_LISTING_ID, TECHNOLOGY_ID) VALUES ('88768900-343f-475e-b1ea-438b8ffcd023', 'c77d6801-7e11-496d-a89b-b619d6059730');
INSERT INTO JOB_LISTING_TECHNOLOGY (JOB_LISTING_ID, TECHNOLOGY_ID) VALUES ('88768900-343f-475e-b1ea-438b8ffcd023', 'f7213740-f29a-4d4d-b232-ff6dc53dfe59');
INSERT INTO JOB_LISTING_TECHNOLOGY (JOB_LISTING_ID, TECHNOLOGY_ID) VALUES ('88768900-343f-475e-b1ea-438b8ffcd023', '46582243-11e4-450e-be96-8a01d9a1d304');
INSERT INTO JOB_LISTING (ID, REGION_ID) VALUES ('a7850c1a-c362-4829-8b82-0b6ed0215848', 'ff17b5c0-07ca-434d-90cf-85e038f4bdd5');
INSERT INTO JOB_LISTING_TECHNOLOGY (JOB_LISTING_ID, TECHNOLOGY_ID) VALUES ('a7850c1a-c362-4829-8b82-0b6ed0215848', '46582243-11e4-450e-be96-8a01d9a1d304');
INSERT INTO JOB_LISTING_TECHNOLOGY (JOB_LISTING_ID, TECHNOLOGY_ID) VALUES ('a7850c1a-c362-4829-8b82-0b6ed0215848', '85b2dd43-48d0-458c-b5a6-ecdbd4dae1b3');
INSERT INTO JOB_LISTING_TECHNOLOGY (JOB_LISTING_ID, TECHNOLOGY_ID) VALUES ('a7850c1a-c362-4829-8b82-0b6ed0215848', 'caa2705f-a177-41ae-8fa1-cc6264c17453');
INSERT INTO JOB_LISTING_TECHNOLOGY (JOB_LISTING_ID, TECHNOLOGY_ID) VALUES ('a7850c1a-c362-4829-8b82-0b6ed0215848', 'c77d6801-7e11-496d-a89b-b619d6059730');
INSERT INTO JOB_LISTING_TECHNOLOGY (JOB_LISTING_ID, TECHNOLOGY_ID) VALUES ('a7850c1a-c362-4829-8b82-0b6ed0215848', '12f5b739-b818-4fe2-8fd2-9343a0869892');
INSERT INTO JOB_LISTING (ID, REGION_ID) VALUES ('b63e9744-7b9c-4878-9abf-aa0486910860', 'f91ee8cd-d915-4d9b-be2d-4a7e53e586a9');
INSERT INTO JOB_LISTING_TECHNOLOGY (JOB_LISTING_ID, TECHNOLOGY_ID) VALUES ('b63e9744-7b9c-4878-9abf-aa0486910860', 'd37d5595-16b2-4a62-82b0-910a83e0c0be');
INSERT INTO JOB_LISTING_TECHNOLOGY (JOB_LISTING_ID, TECHNOLOGY_ID) VALUES ('b63e9744-7b9c-4878-9abf-aa0486910860', 'f7213740-f29a-4d4d-b232-ff6dc53dfe59');
INSERT INTO JOB_LISTING_TECHNOLOGY (JOB_LISTING_ID, TECHNOLOGY_ID) VALUES ('b63e9744-7b9c-4878-9abf-aa0486910860', '46582243-11e4-450e-be96-8a01d9a1d304');
INSERT INTO JOB_LISTING_TECHNOLOGY (JOB_LISTING_ID, TECHNOLOGY_ID) VALUES ('b63e9744-7b9c-4878-9abf-aa0486910860', '80e1c80f-5f8f-4482-aeac-a1328beb807d');
INSERT INTO JOB_LISTING_TECHNOLOGY (JOB_LISTING_ID, TECHNOLOGY_ID) VALUES ('b63e9744-7b9c-4878-9abf-aa0486910860', 'dada90e7-e495-4970-814d-34762d67e28b');
INSERT INTO JOB_LISTING (ID, REGION_ID) VALUES ('08c9fa49-5407-4043-9aec-dd714caa7aba', 'c7767916-37b7-46df-80c1-d62d0f8c934a');
INSERT INTO JOB_LISTING_TECHNOLOGY (JOB_LISTING_ID, TECHNOLOGY_ID) VALUES ('08c9fa49-5407-4043-9aec-dd714caa7aba', 'caa2705f-a177-41ae-8fa1-cc6264c17453');
INSERT INTO JOB_LISTING_TECHNOLOGY (JOB_LISTING_ID, TECHNOLOGY_ID) VALUES ('08c9fa49-5407-4043-9aec-dd714caa7aba', '46582243-11e4-450e-be96-8a01d9a1d304');
INSERT INTO JOB_LISTING (ID, REGION_ID) VALUES ('d975989e-1f80-4de3-aaea-25e846a57f15', '75724134-4f6c-4573-83a7-5c512bf75195');
INSERT INTO JOB_LISTING_TECHNOLOGY (JOB_LISTING_ID, TECHNOLOGY_ID) VALUES ('d975989e-1f80-4de3-aaea-25e846a57f15', 'd37d5595-16b2-4a62-82b0-910a83e0c0be');
INSERT INTO JOB_LISTING_TECHNOLOGY (JOB_LISTING_ID, TECHNOLOGY_ID) VALUES ('d975989e-1f80-4de3-aaea-25e846a57f15', 'f7213740-f29a-4d4d-b232-ff6dc53dfe59');
INSERT INTO JOB_LISTING_TECHNOLOGY (JOB_LISTING_ID, TECHNOLOGY_ID) VALUES ('d975989e-1f80-4de3-aaea-25e846a57f15', '85b2dd43-48d0-458c-b5a6-ecdbd4dae1b3');
INSERT INTO JOB_LISTING_TECHNOLOGY (JOB_LISTING_ID, TECHNOLOGY_ID) VALUES ('d975989e-1f80-4de3-aaea-25e846a57f15', 'c77d6801-7e11-496d-a89b-b619d6059730');
INSERT INTO JOB_LISTING (ID, REGION_ID) VALUES ('2ab2b5a3-5974-4f3d-afca-abfd3fa91c93', '0fc67f63-1e7a-40d6-8e4a-a911ba5d7203');
INSERT INTO JOB_LISTING_TECHNOLOGY (JOB_LISTING_ID, TECHNOLOGY_ID) VALUES ('2ab2b5a3-5974-4f3d-afca-abfd3fa91c93', 'c77d6801-7e11-496d-a89b-b619d6059730');
INSERT INTO JOB_LISTING_TECHNOLOGY (JOB_LISTING_ID, TECHNOLOGY_ID) VALUES ('2ab2b5a3-5974-4f3d-afca-abfd3fa91c93', '46582243-11e4-450e-be96-8a01d9a1d304');
INSERT INTO JOB_LISTING (ID, REGION_ID) VALUES ('933ce731-778b-47cf-8dc6-0d2a6fc41878', 'd17281b9-c6fc-4aab-86d4-9ab24bb3b6fd');
INSERT INTO JOB_LISTING_TECHNOLOGY (JOB_LISTING_ID, TECHNOLOGY_ID) VALUES ('933ce731-778b-47cf-8dc6-0d2a6fc41878', 'f7213740-f29a-4d4d-b232-ff6dc53dfe59');
INSERT INTO JOB_LISTING_TECHNOLOGY (JOB_LISTING_ID, TECHNOLOGY_ID) VALUES ('933ce731-778b-47cf-8dc6-0d2a6fc41878', 'dada90e7-e495-4970-814d-34762d67e28b');
INSERT INTO JOB_LISTING_TECHNOLOGY (JOB_LISTING_ID, TECHNOLOGY_ID) VALUES ('933ce731-778b-47cf-8dc6-0d2a6fc41878', '46582243-11e4-450e-be96-8a01d9a1d304');
INSERT INTO JOB_LISTING_TECHNOLOGY (JOB_LISTING_ID, TECHNOLOGY_ID) VALUES ('933ce731-778b-47cf-8dc6-0d2a6fc41878', '85b2dd43-48d0-458c-b5a6-ecdbd4dae1b3');
INSERT INTO JOB_LISTING_TECHNOLOGY (JOB_LISTING_ID, TECHNOLOGY_ID) VALUES ('933ce731-778b-47cf-8dc6-0d2a6fc41878', '80e1c80f-5f8f-4482-aeac-a1328beb807d');
INSERT INTO JOB_LISTING (ID, REGION_ID) VALUES ('022be26b-272d-4746-a1d1-ab22be1bda30', 'fdb63d77-f427-41bb-96a2-91130f3a0466');
INSERT INTO JOB_LISTING_TECHNOLOGY (JOB_LISTING_ID, TECHNOLOGY_ID) VALUES ('022be26b-272d-4746-a1d1-ab22be1bda30', 'caa2705f-a177-41ae-8fa1-cc6264c17453');
INSERT INTO JOB_LISTING_TECHNOLOGY (JOB_LISTING_ID, TECHNOLOGY_ID) VALUES ('022be26b-272d-4746-a1d1-ab22be1bda30', '46582243-11e4-450e-be96-8a01d9a1d304');
INSERT INTO JOB_LISTING_TECHNOLOGY (JOB_LISTING_ID, TECHNOLOGY_ID) VALUES ('022be26b-272d-4746-a1d1-ab22be1bda30', '12f5b739-b818-4fe2-8fd2-9343a0869892');
INSERT INTO JOB_LISTING_TECHNOLOGY (JOB_LISTING_ID, TECHNOLOGY_ID) VALUES ('022be26b-272d-4746-a1d1-ab22be1bda30', 'd37d5595-16b2-4a62-82b0-910a83e0c0be');
INSERT INTO JOB_LISTING (ID, REGION_ID) VALUES ('a641dec3-46ba-466f-82e7-bc0e7d699bbe', 'e6056c00-d6d4-4a39-9cb0-5e7c3751c9f3');
INSERT INTO JOB_LISTING_TECHNOLOGY (JOB_LISTING_ID, TECHNOLOGY_ID) VALUES ('a641dec3-46ba-466f-82e7-bc0e7d699bbe', 'c77d6801-7e11-496d-a89b-b619d6059730');
INSERT INTO JOB_LISTING_TECHNOLOGY (JOB_LISTING_ID, TECHNOLOGY_ID) VALUES ('a641dec3-46ba-466f-82e7-bc0e7d699bbe', '12f5b739-b818-4fe2-8fd2-9343a0869892');
INSERT INTO JOB_LISTING_TECHNOLOGY (JOB_LISTING_ID, TECHNOLOGY_ID) VALUES ('a641dec3-46ba-466f-82e7-bc0e7d699bbe', 'caa2705f-a177-41ae-8fa1-cc6264c17453');
INSERT INTO JOB_LISTING (ID, REGION_ID) VALUES ('c9129068-beda-46fe-ba33-771a6499d9f5', '8f210672-db08-4e81-b492-d69dd03adb6b');
INSERT INTO JOB_LISTING_TECHNOLOGY (JOB_LISTING_ID, TECHNOLOGY_ID) VALUES ('c9129068-beda-46fe-ba33-771a6499d9f5', '85b2dd43-48d0-458c-b5a6-ecdbd4dae1b3');
INSERT INTO JOB_LISTING_TECHNOLOGY (JOB_LISTING_ID, TECHNOLOGY_ID) VALUES ('c9129068-beda-46fe-ba33-771a6499d9f5', '80e1c80f-5f8f-4482-aeac-a1328beb807d');
INSERT INTO JOB_LISTING_TECHNOLOGY (JOB_LISTING_ID, TECHNOLOGY_ID) VALUES ('c9129068-beda-46fe-ba33-771a6499d9f5', 'f7213740-f29a-4d4d-b232-ff6dc53dfe59');
INSERT INTO JOB_LISTING (ID, REGION_ID) VALUES ('9acff30c-cc9e-4955-bc4e-fd9ab3498f3c', 'eb81d4f5-05de-40d0-85cc-ba5b5006a277');
INSERT INTO JOB_LISTING_TECHNOLOGY (JOB_LISTING_ID, TECHNOLOGY_ID) VALUES ('9acff30c-cc9e-4955-bc4e-fd9ab3498f3c', 'dada90e7-e495-4970-814d-34762d67e28b');
INSERT INTO JOB_LISTING_TECHNOLOGY (JOB_LISTING_ID, TECHNOLOGY_ID) VALUES ('9acff30c-cc9e-4955-bc4e-fd9ab3498f3c', 'd37d5595-16b2-4a62-82b0-910a83e0c0be');
INSERT INTO JOB_LISTING (ID, REGION_ID) VALUES ('3eda9409-aab1-44ca-901b-cf7741cc341e', 'd340f5b0-5115-49fe-a743-c78604ee56ff');
INSERT INTO JOB_LISTING_TECHNOLOGY (JOB_LISTING_ID, TECHNOLOGY_ID) VALUES ('3eda9409-aab1-44ca-901b-cf7741cc341e', 'dada90e7-e495-4970-814d-34762d67e28b');
INSERT INTO JOB_LISTING_TECHNOLOGY (JOB_LISTING_ID, TECHNOLOGY_ID) VALUES ('3eda9409-aab1-44ca-901b-cf7741cc341e', 'caa2705f-a177-41ae-8fa1-cc6264c17453');
INSERT INTO JOB_LISTING (ID, REGION_ID) VALUES ('6fcf1a32-3248-4acb-a605-e76f16e295ff', 'd9907675-7b6f-4aa5-9380-d31613198062');
INSERT INTO JOB_LISTING_TECHNOLOGY (JOB_LISTING_ID, TECHNOLOGY_ID) VALUES ('6fcf1a32-3248-4acb-a605-e76f16e295ff', 'caa2705f-a177-41ae-8fa1-cc6264c17453');
INSERT INTO JOB_LISTING_TECHNOLOGY (JOB_LISTING_ID, TECHNOLOGY_ID) VALUES ('6fcf1a32-3248-4acb-a605-e76f16e295ff', '80e1c80f-5f8f-4482-aeac-a1328beb807d');
INSERT INTO JOB_LISTING_TECHNOLOGY (JOB_LISTING_ID, TECHNOLOGY_ID) VALUES ('6fcf1a32-3248-4acb-a605-e76f16e295ff', '46582243-11e4-450e-be96-8a01d9a1d304');
INSERT INTO JOB_LISTING_TECHNOLOGY (JOB_LISTING_ID, TECHNOLOGY_ID) VALUES ('6fcf1a32-3248-4acb-a605-e76f16e295ff', 'dada90e7-e495-4970-814d-34762d67e28b');
INSERT INTO JOB_LISTING_TECHNOLOGY (JOB_LISTING_ID, TECHNOLOGY_ID) VALUES ('6fcf1a32-3248-4acb-a605-e76f16e295ff', 'd93dd155-2c47-4166-83d5-291fc369a54e');
INSERT INTO JOB_LISTING (ID, REGION_ID) VALUES ('7758fe56-ea3b-4698-97b9-ca02c34addd9', '84162474-f46d-4f9e-a9ea-c82ddaf33a84');
INSERT INTO JOB_LISTING_TECHNOLOGY (JOB_LISTING_ID, TECHNOLOGY_ID) VALUES ('7758fe56-ea3b-4698-97b9-ca02c34addd9', 'd93dd155-2c47-4166-83d5-291fc369a54e');
INSERT INTO JOB_LISTING_TECHNOLOGY (JOB_LISTING_ID, TECHNOLOGY_ID) VALUES ('7758fe56-ea3b-4698-97b9-ca02c34addd9', 'f7213740-f29a-4d4d-b232-ff6dc53dfe59');
INSERT INTO JOB_LISTING_TECHNOLOGY (JOB_LISTING_ID, TECHNOLOGY_ID) VALUES ('7758fe56-ea3b-4698-97b9-ca02c34addd9', '12f5b739-b818-4fe2-8fd2-9343a0869892');
INSERT INTO JOB_LISTING_TECHNOLOGY (JOB_LISTING_ID, TECHNOLOGY_ID) VALUES ('7758fe56-ea3b-4698-97b9-ca02c34addd9', 'd37d5595-16b2-4a62-82b0-910a83e0c0be');
INSERT INTO JOB_LISTING_TECHNOLOGY (JOB_LISTING_ID, TECHNOLOGY_ID) VALUES ('7758fe56-ea3b-4698-97b9-ca02c34addd9', 'c77d6801-7e11-496d-a89b-b619d6059730');
INSERT INTO JOB_LISTING (ID, REGION_ID) VALUES ('40cb00af-2131-498c-9f93-590a0dd1cb70', '1ea66abe-b09a-473d-a896-3da9d279178f');
INSERT INTO JOB_LISTING_TECHNOLOGY (JOB_LISTING_ID, TECHNOLOGY_ID) VALUES ('40cb00af-2131-498c-9f93-590a0dd1cb70', 'd93dd155-2c47-4166-83d5-291fc369a54e');
INSERT INTO JOB_LISTING_TECHNOLOGY (JOB_LISTING_ID, TECHNOLOGY_ID) VALUES ('40cb00af-2131-498c-9f93-590a0dd1cb70', 'd37d5595-16b2-4a62-82b0-910a83e0c0be');
INSERT INTO JOB_LISTING (ID, REGION_ID) VALUES ('28344ae7-31a8-47db-ad6b-08dd046ca933', '0b992576-0429-4315-a3d3-f5f3350479c5');
INSERT INTO JOB_LISTING_TECHNOLOGY (JOB_LISTING_ID, TECHNOLOGY_ID) VALUES ('28344ae7-31a8-47db-ad6b-08dd046ca933', 'd93dd155-2c47-4166-83d5-291fc369a54e');
INSERT INTO JOB_LISTING_TECHNOLOGY (JOB_LISTING_ID, TECHNOLOGY_ID) VALUES ('28344ae7-31a8-47db-ad6b-08dd046ca933', 'd37d5595-16b2-4a62-82b0-910a83e0c0be');
INSERT INTO JOB_LISTING_TECHNOLOGY (JOB_LISTING_ID, TECHNOLOGY_ID) VALUES ('28344ae7-31a8-47db-ad6b-08dd046ca933', 'dada90e7-e495-4970-814d-34762d67e28b');
INSERT INTO JOB_LISTING_TECHNOLOGY (JOB_LISTING_ID, TECHNOLOGY_ID) VALUES ('28344ae7-31a8-47db-ad6b-08dd046ca933', 'c77d6801-7e11-496d-a89b-b619d6059730');
INSERT INTO JOB_LISTING_TECHNOLOGY (JOB_LISTING_ID, TECHNOLOGY_ID) VALUES ('28344ae7-31a8-47db-ad6b-08dd046ca933', '85b2dd43-48d0-458c-b5a6-ecdbd4dae1b3');
INSERT INTO JOB_LISTING (ID, REGION_ID) VALUES ('d3a03b49-4eea-4dc8-ba5d-4ead70070d8a', '3c69db27-3d1d-492f-ae73-67ac9bdeec94');
INSERT INTO JOB_LISTING_TECHNOLOGY (JOB_LISTING_ID, TECHNOLOGY_ID) VALUES ('d3a03b49-4eea-4dc8-ba5d-4ead70070d8a', '12f5b739-b818-4fe2-8fd2-9343a0869892');
INSERT INTO JOB_LISTING_TECHNOLOGY (JOB_LISTING_ID, TECHNOLOGY_ID) VALUES ('d3a03b49-4eea-4dc8-ba5d-4ead70070d8a', 'f7213740-f29a-4d4d-b232-ff6dc53dfe59');
INSERT INTO JOB_LISTING (ID, REGION_ID) VALUES ('1a899bfa-8512-4e30-91ac-e1c0de4b5a62', '9921c27d-8548-4c8e-b672-bc12c7454998');
INSERT INTO JOB_LISTING_TECHNOLOGY (JOB_LISTING_ID, TECHNOLOGY_ID) VALUES ('1a899bfa-8512-4e30-91ac-e1c0de4b5a62', 'd37d5595-16b2-4a62-82b0-910a83e0c0be');
INSERT INTO JOB_LISTING_TECHNOLOGY (JOB_LISTING_ID, TECHNOLOGY_ID) VALUES ('1a899bfa-8512-4e30-91ac-e1c0de4b5a62', 'd93dd155-2c47-4166-83d5-291fc369a54e');
INSERT INTO JOB_LISTING_TECHNOLOGY (JOB_LISTING_ID, TECHNOLOGY_ID) VALUES ('1a899bfa-8512-4e30-91ac-e1c0de4b5a62', 'c77d6801-7e11-496d-a89b-b619d6059730');
INSERT INTO JOB_LISTING (ID, REGION_ID) VALUES ('bf7064e1-365a-4ba3-a4d2-188aeacdaa5f', '590a5a5d-110e-4c48-aad8-0d49a41f4d87');
INSERT INTO JOB_LISTING_TECHNOLOGY (JOB_LISTING_ID, TECHNOLOGY_ID) VALUES ('bf7064e1-365a-4ba3-a4d2-188aeacdaa5f', '80e1c80f-5f8f-4482-aeac-a1328beb807d');
INSERT INTO JOB_LISTING_TECHNOLOGY (JOB_LISTING_ID, TECHNOLOGY_ID) VALUES ('bf7064e1-365a-4ba3-a4d2-188aeacdaa5f', '46582243-11e4-450e-be96-8a01d9a1d304');
INSERT INTO JOB_LISTING_TECHNOLOGY (JOB_LISTING_ID, TECHNOLOGY_ID) VALUES ('bf7064e1-365a-4ba3-a4d2-188aeacdaa5f', 'dada90e7-e495-4970-814d-34762d67e28b');
INSERT INTO JOB_LISTING (ID, REGION_ID) VALUES ('dcaf03c1-bcac-4dd2-bde3-54c94bf0941e', '9076b84e-416e-470a-9511-88423e390ee5');
INSERT INTO JOB_LISTING_TECHNOLOGY (JOB_LISTING_ID, TECHNOLOGY_ID) VALUES ('dcaf03c1-bcac-4dd2-bde3-54c94bf0941e', '12f5b739-b818-4fe2-8fd2-9343a0869892');
INSERT INTO JOB_LISTING_TECHNOLOGY (JOB_LISTING_ID, TECHNOLOGY_ID) VALUES ('dcaf03c1-bcac-4dd2-bde3-54c94bf0941e', 'c77d6801-7e11-496d-a89b-b619d6059730');
INSERT INTO JOB_LISTING (ID, REGION_ID) VALUES ('7273ca82-a24a-4f2f-8ba4-ff4cb6583ccb', '617e438c-3e35-4556-ae96-0708a74fb099');
INSERT INTO JOB_LISTING_TECHNOLOGY (JOB_LISTING_ID, TECHNOLOGY_ID) VALUES ('7273ca82-a24a-4f2f-8ba4-ff4cb6583ccb', '85b2dd43-48d0-458c-b5a6-ecdbd4dae1b3');
INSERT INTO JOB_LISTING_TECHNOLOGY (JOB_LISTING_ID, TECHNOLOGY_ID) VALUES ('7273ca82-a24a-4f2f-8ba4-ff4cb6583ccb', '46582243-11e4-450e-be96-8a01d9a1d304');
INSERT INTO JOB_LISTING_TECHNOLOGY (JOB_LISTING_ID, TECHNOLOGY_ID) VALUES ('7273ca82-a24a-4f2f-8ba4-ff4cb6583ccb', 'd37d5595-16b2-4a62-82b0-910a83e0c0be');
INSERT INTO JOB_LISTING_TECHNOLOGY (JOB_LISTING_ID, TECHNOLOGY_ID) VALUES ('7273ca82-a24a-4f2f-8ba4-ff4cb6583ccb', '80e1c80f-5f8f-4482-aeac-a1328beb807d');
INSERT INTO JOB_LISTING_TECHNOLOGY (JOB_LISTING_ID, TECHNOLOGY_ID) VALUES ('7273ca82-a24a-4f2f-8ba4-ff4cb6583ccb', 'f7213740-f29a-4d4d-b232-ff6dc53dfe59');
INSERT INTO JOB_LISTING (ID, REGION_ID) VALUES ('4ef4092f-4910-49cb-8458-1fed8466a97a', '1c6b837b-7115-413d-acdf-e9bb729d2555');
INSERT INTO JOB_LISTING_TECHNOLOGY (JOB_LISTING_ID, TECHNOLOGY_ID) VALUES ('4ef4092f-4910-49cb-8458-1fed8466a97a', 'caa2705f-a177-41ae-8fa1-cc6264c17453');
INSERT INTO JOB_LISTING_TECHNOLOGY (JOB_LISTING_ID, TECHNOLOGY_ID) VALUES ('4ef4092f-4910-49cb-8458-1fed8466a97a', '85b2dd43-48d0-458c-b5a6-ecdbd4dae1b3');
INSERT INTO JOB_LISTING_TECHNOLOGY (JOB_LISTING_ID, TECHNOLOGY_ID) VALUES ('4ef4092f-4910-49cb-8458-1fed8466a97a', '12f5b739-b818-4fe2-8fd2-9343a0869892');
INSERT INTO JOB_LISTING (ID, REGION_ID) VALUES ('ef6db245-7d47-4898-b1d7-1493367adaa0', '1faffd78-fe8d-4525-a3a1-82a7ccb2e4f5');
INSERT INTO JOB_LISTING_TECHNOLOGY (JOB_LISTING_ID, TECHNOLOGY_ID) VALUES ('ef6db245-7d47-4898-b1d7-1493367adaa0', '80e1c80f-5f8f-4482-aeac-a1328beb807d');
INSERT INTO JOB_LISTING_TECHNOLOGY (JOB_LISTING_ID, TECHNOLOGY_ID) VALUES ('ef6db245-7d47-4898-b1d7-1493367adaa0', '85b2dd43-48d0-458c-b5a6-ecdbd4dae1b3');
INSERT INTO JOB_LISTING_TECHNOLOGY (JOB_LISTING_ID, TECHNOLOGY_ID) VALUES ('ef6db245-7d47-4898-b1d7-1493367adaa0', 'd93dd155-2c47-4166-83d5-291fc369a54e');
INSERT INTO JOB_LISTING_TECHNOLOGY (JOB_LISTING_ID, TECHNOLOGY_ID) VALUES ('ef6db245-7d47-4898-b1d7-1493367adaa0', '12f5b739-b818-4fe2-8fd2-9343a0869892');
INSERT INTO JOB_LISTING (ID, REGION_ID) VALUES ('66f9e05e-8e8c-43d3-b5e7-8ab100fa82e4', 'eceaa8b9-3b66-4bf9-8dee-28ad2dcee356');
INSERT INTO JOB_LISTING_TECHNOLOGY (JOB_LISTING_ID, TECHNOLOGY_ID) VALUES ('66f9e05e-8e8c-43d3-b5e7-8ab100fa82e4', 'd93dd155-2c47-4166-83d5-291fc369a54e');
INSERT INTO JOB_LISTING_TECHNOLOGY (JOB_LISTING_ID, TECHNOLOGY_ID) VALUES ('66f9e05e-8e8c-43d3-b5e7-8ab100fa82e4', 'd37d5595-16b2-4a62-82b0-910a83e0c0be');
INSERT INTO JOB_LISTING_TECHNOLOGY (JOB_LISTING_ID, TECHNOLOGY_ID) VALUES ('66f9e05e-8e8c-43d3-b5e7-8ab100fa82e4', '46582243-11e4-450e-be96-8a01d9a1d304');
INSERT INTO JOB_LISTING (ID, REGION_ID) VALUES ('2aef3156-a394-4d21-bf8e-2766f1e7e6bc', '205585ce-5eb8-4242-8926-0ab53ab82514');
INSERT INTO JOB_LISTING_TECHNOLOGY (JOB_LISTING_ID, TECHNOLOGY_ID) VALUES ('2aef3156-a394-4d21-bf8e-2766f1e7e6bc', '12f5b739-b818-4fe2-8fd2-9343a0869892');
INSERT INTO JOB_LISTING_TECHNOLOGY (JOB_LISTING_ID, TECHNOLOGY_ID) VALUES ('2aef3156-a394-4d21-bf8e-2766f1e7e6bc', 'f7213740-f29a-4d4d-b232-ff6dc53dfe59');
INSERT INTO JOB_LISTING (ID, REGION_ID) VALUES ('5220b0b2-23ca-4ff8-81dd-2ba89f7bc5bd', 'b27dce47-bb60-451c-bc08-92d976c2518a');
INSERT INTO JOB_LISTING_TECHNOLOGY (JOB_LISTING_ID, TECHNOLOGY_ID) VALUES ('5220b0b2-23ca-4ff8-81dd-2ba89f7bc5bd', 'f7213740-f29a-4d4d-b232-ff6dc53dfe59');
INSERT INTO JOB_LISTING_TECHNOLOGY (JOB_LISTING_ID, TECHNOLOGY_ID) VALUES ('5220b0b2-23ca-4ff8-81dd-2ba89f7bc5bd', 'd37d5595-16b2-4a62-82b0-910a83e0c0be');
INSERT INTO JOB_LISTING_TECHNOLOGY (JOB_LISTING_ID, TECHNOLOGY_ID) VALUES ('5220b0b2-23ca-4ff8-81dd-2ba89f7bc5bd', '80e1c80f-5f8f-4482-aeac-a1328beb807d');
INSERT INTO JOB_LISTING (ID, REGION_ID) VALUES ('173e9e27-d043-4033-9aaf-3134f9af4792', 'a452ef93-d79a-40d7-ad14-1190fa11e65b');
INSERT INTO JOB_LISTING_TECHNOLOGY (JOB_LISTING_ID, TECHNOLOGY_ID) VALUES ('173e9e27-d043-4033-9aaf-3134f9af4792', 'c77d6801-7e11-496d-a89b-b619d6059730');
INSERT INTO JOB_LISTING_TECHNOLOGY (JOB_LISTING_ID, TECHNOLOGY_ID) VALUES ('173e9e27-d043-4033-9aaf-3134f9af4792', '80e1c80f-5f8f-4482-aeac-a1328beb807d');
INSERT INTO JOB_LISTING_TECHNOLOGY (JOB_LISTING_ID, TECHNOLOGY_ID) VALUES ('173e9e27-d043-4033-9aaf-3134f9af4792', 'd93dd155-2c47-4166-83d5-291fc369a54e');
INSERT INTO JOB_LISTING_TECHNOLOGY (JOB_LISTING_ID, TECHNOLOGY_ID) VALUES ('173e9e27-d043-4033-9aaf-3134f9af4792', 'dada90e7-e495-4970-814d-34762d67e28b');
INSERT INTO JOB_LISTING_TECHNOLOGY (JOB_LISTING_ID, TECHNOLOGY_ID) VALUES ('173e9e27-d043-4033-9aaf-3134f9af4792', '85b2dd43-48d0-458c-b5a6-ecdbd4dae1b3');
INSERT INTO JOB_LISTING (ID, REGION_ID) VALUES ('8f36ab62-56e5-4f88-b827-46a1e0615f76', 'abfc222c-5ee8-4847-a50d-06a5b095ea25');
INSERT INTO JOB_LISTING_TECHNOLOGY (JOB_LISTING_ID, TECHNOLOGY_ID) VALUES ('8f36ab62-56e5-4f88-b827-46a1e0615f76', '12f5b739-b818-4fe2-8fd2-9343a0869892');
INSERT INTO JOB_LISTING_TECHNOLOGY (JOB_LISTING_ID, TECHNOLOGY_ID) VALUES ('8f36ab62-56e5-4f88-b827-46a1e0615f76', 'c77d6801-7e11-496d-a89b-b619d6059730');
INSERT INTO JOB_LISTING_TECHNOLOGY (JOB_LISTING_ID, TECHNOLOGY_ID) VALUES ('8f36ab62-56e5-4f88-b827-46a1e0615f76', 'd93dd155-2c47-4166-83d5-291fc369a54e');
INSERT INTO JOB_LISTING_TECHNOLOGY (JOB_LISTING_ID, TECHNOLOGY_ID) VALUES ('8f36ab62-56e5-4f88-b827-46a1e0615f76', '80e1c80f-5f8f-4482-aeac-a1328beb807d');
INSERT INTO JOB_LISTING (ID, REGION_ID) VALUES ('a7e6b7aa-1453-4a2c-9157-723b247de83f', 'ff17b5c0-07ca-434d-90cf-85e038f4bdd5');
INSERT INTO JOB_LISTING_TECHNOLOGY (JOB_LISTING_ID, TECHNOLOGY_ID) VALUES ('a7e6b7aa-1453-4a2c-9157-723b247de83f', '46582243-11e4-450e-be96-8a01d9a1d304');
INSERT INTO JOB_LISTING_TECHNOLOGY (JOB_LISTING_ID, TECHNOLOGY_ID) VALUES ('a7e6b7aa-1453-4a2c-9157-723b247de83f', 'dada90e7-e495-4970-814d-34762d67e28b');
INSERT INTO JOB_LISTING (ID, REGION_ID) VALUES ('f87a869c-160c-4526-800b-a797dc0e79c0', 'f91ee8cd-d915-4d9b-be2d-4a7e53e586a9');
INSERT INTO JOB_LISTING_TECHNOLOGY (JOB_LISTING_ID, TECHNOLOGY_ID) VALUES ('f87a869c-160c-4526-800b-a797dc0e79c0', '46582243-11e4-450e-be96-8a01d9a1d304');
INSERT INTO JOB_LISTING_TECHNOLOGY (JOB_LISTING_ID, TECHNOLOGY_ID) VALUES ('f87a869c-160c-4526-800b-a797dc0e79c0', '85b2dd43-48d0-458c-b5a6-ecdbd4dae1b3');
INSERT INTO JOB_LISTING_TECHNOLOGY (JOB_LISTING_ID, TECHNOLOGY_ID) VALUES ('f87a869c-160c-4526-800b-a797dc0e79c0', 'f7213740-f29a-4d4d-b232-ff6dc53dfe59');
INSERT INTO JOB_LISTING (ID, REGION_ID) VALUES ('a297e6c3-3702-4124-8ba3-d81f656e67fc', 'c7767916-37b7-46df-80c1-d62d0f8c934a');
INSERT INTO JOB_LISTING_TECHNOLOGY (JOB_LISTING_ID, TECHNOLOGY_ID) VALUES ('a297e6c3-3702-4124-8ba3-d81f656e67fc', 'c77d6801-7e11-496d-a89b-b619d6059730');
INSERT INTO JOB_LISTING_TECHNOLOGY (JOB_LISTING_ID, TECHNOLOGY_ID) VALUES ('a297e6c3-3702-4124-8ba3-d81f656e67fc', '80e1c80f-5f8f-4482-aeac-a1328beb807d');
INSERT INTO JOB_LISTING_TECHNOLOGY (JOB_LISTING_ID, TECHNOLOGY_ID) VALUES ('a297e6c3-3702-4124-8ba3-d81f656e67fc', '85b2dd43-48d0-458c-b5a6-ecdbd4dae1b3');
INSERT INTO JOB_LISTING_TECHNOLOGY (JOB_LISTING_ID, TECHNOLOGY_ID) VALUES ('a297e6c3-3702-4124-8ba3-d81f656e67fc', 'f7213740-f29a-4d4d-b232-ff6dc53dfe59');
INSERT INTO JOB_LISTING_TECHNOLOGY (JOB_LISTING_ID, TECHNOLOGY_ID) VALUES ('a297e6c3-3702-4124-8ba3-d81f656e67fc', 'caa2705f-a177-41ae-8fa1-cc6264c17453');
INSERT INTO JOB_LISTING (ID, REGION_ID) VALUES ('cd548f31-405d-411b-a9bf-c4a5d23ca45d', '75724134-4f6c-4573-83a7-5c512bf75195');
INSERT INTO JOB_LISTING_TECHNOLOGY (JOB_LISTING_ID, TECHNOLOGY_ID) VALUES ('cd548f31-405d-411b-a9bf-c4a5d23ca45d', '80e1c80f-5f8f-4482-aeac-a1328beb807d');
INSERT INTO JOB_LISTING_TECHNOLOGY (JOB_LISTING_ID, TECHNOLOGY_ID) VALUES ('cd548f31-405d-411b-a9bf-c4a5d23ca45d', 'd93dd155-2c47-4166-83d5-291fc369a54e');
INSERT INTO JOB_LISTING_TECHNOLOGY (JOB_LISTING_ID, TECHNOLOGY_ID) VALUES ('cd548f31-405d-411b-a9bf-c4a5d23ca45d', '12f5b739-b818-4fe2-8fd2-9343a0869892');
INSERT INTO JOB_LISTING_TECHNOLOGY (JOB_LISTING_ID, TECHNOLOGY_ID) VALUES ('cd548f31-405d-411b-a9bf-c4a5d23ca45d', 'dada90e7-e495-4970-814d-34762d67e28b');
INSERT INTO JOB_LISTING (ID, REGION_ID) VALUES ('d78788c6-1483-4f5d-a9b3-9ebaca19274f', '0fc67f63-1e7a-40d6-8e4a-a911ba5d7203');
INSERT INTO JOB_LISTING_TECHNOLOGY (JOB_LISTING_ID, TECHNOLOGY_ID) VALUES ('d78788c6-1483-4f5d-a9b3-9ebaca19274f', 'c77d6801-7e11-496d-a89b-b619d6059730');
INSERT INTO JOB_LISTING_TECHNOLOGY (JOB_LISTING_ID, TECHNOLOGY_ID) VALUES ('d78788c6-1483-4f5d-a9b3-9ebaca19274f', 'd93dd155-2c47-4166-83d5-291fc369a54e');
INSERT INTO JOB_LISTING_TECHNOLOGY (JOB_LISTING_ID, TECHNOLOGY_ID) VALUES ('d78788c6-1483-4f5d-a9b3-9ebaca19274f', '46582243-11e4-450e-be96-8a01d9a1d304');
INSERT INTO JOB_LISTING (ID, REGION_ID) VALUES ('63c054cb-b46e-429a-9e02-31862dffe4bd', 'd17281b9-c6fc-4aab-86d4-9ab24bb3b6fd');
INSERT INTO JOB_LISTING_TECHNOLOGY (JOB_LISTING_ID, TECHNOLOGY_ID) VALUES ('63c054cb-b46e-429a-9e02-31862dffe4bd', 'd37d5595-16b2-4a62-82b0-910a83e0c0be');
INSERT INTO JOB_LISTING_TECHNOLOGY (JOB_LISTING_ID, TECHNOLOGY_ID) VALUES ('63c054cb-b46e-429a-9e02-31862dffe4bd', '80e1c80f-5f8f-4482-aeac-a1328beb807d');
INSERT INTO JOB_LISTING_TECHNOLOGY (JOB_LISTING_ID, TECHNOLOGY_ID) VALUES ('63c054cb-b46e-429a-9e02-31862dffe4bd', 'dada90e7-e495-4970-814d-34762d67e28b');
INSERT INTO JOB_LISTING_TECHNOLOGY (JOB_LISTING_ID, TECHNOLOGY_ID) VALUES ('63c054cb-b46e-429a-9e02-31862dffe4bd', '12f5b739-b818-4fe2-8fd2-9343a0869892');
INSERT INTO JOB_LISTING_TECHNOLOGY (JOB_LISTING_ID, TECHNOLOGY_ID) VALUES ('63c054cb-b46e-429a-9e02-31862dffe4bd', 'd93dd155-2c47-4166-83d5-291fc369a54e');
INSERT INTO JOB_LISTING (ID, REGION_ID) VALUES ('90786151-f7fa-486a-84b7-8ff76cc5acb6', 'fdb63d77-f427-41bb-96a2-91130f3a0466');
INSERT INTO JOB_LISTING_TECHNOLOGY (JOB_LISTING_ID, TECHNOLOGY_ID) VALUES ('90786151-f7fa-486a-84b7-8ff76cc5acb6', 'dada90e7-e495-4970-814d-34762d67e28b');
INSERT INTO JOB_LISTING_TECHNOLOGY (JOB_LISTING_ID, TECHNOLOGY_ID) VALUES ('90786151-f7fa-486a-84b7-8ff76cc5acb6', 'd37d5595-16b2-4a62-82b0-910a83e0c0be');
INSERT INTO JOB_LISTING_TECHNOLOGY (JOB_LISTING_ID, TECHNOLOGY_ID) VALUES ('90786151-f7fa-486a-84b7-8ff76cc5acb6', '85b2dd43-48d0-458c-b5a6-ecdbd4dae1b3');
INSERT INTO JOB_LISTING_TECHNOLOGY (JOB_LISTING_ID, TECHNOLOGY_ID) VALUES ('90786151-f7fa-486a-84b7-8ff76cc5acb6', 'f7213740-f29a-4d4d-b232-ff6dc53dfe59');
INSERT INTO JOB_LISTING (ID, REGION_ID) VALUES ('a81ec416-0d96-47ef-bd69-d86e4056de3d', 'e6056c00-d6d4-4a39-9cb0-5e7c3751c9f3');
INSERT INTO JOB_LISTING_TECHNOLOGY (JOB_LISTING_ID, TECHNOLOGY_ID) VALUES ('a81ec416-0d96-47ef-bd69-d86e4056de3d', 'dada90e7-e495-4970-814d-34762d67e28b');
INSERT INTO JOB_LISTING_TECHNOLOGY (JOB_LISTING_ID, TECHNOLOGY_ID) VALUES ('a81ec416-0d96-47ef-bd69-d86e4056de3d', '46582243-11e4-450e-be96-8a01d9a1d304');
INSERT INTO JOB_LISTING_TECHNOLOGY (JOB_LISTING_ID, TECHNOLOGY_ID) VALUES ('a81ec416-0d96-47ef-bd69-d86e4056de3d', 'f7213740-f29a-4d4d-b232-ff6dc53dfe59');
INSERT INTO JOB_LISTING_TECHNOLOGY (JOB_LISTING_ID, TECHNOLOGY_ID) VALUES ('a81ec416-0d96-47ef-bd69-d86e4056de3d', '80e1c80f-5f8f-4482-aeac-a1328beb807d');
INSERT INTO JOB_LISTING_TECHNOLOGY (JOB_LISTING_ID, TECHNOLOGY_ID) VALUES ('a81ec416-0d96-47ef-bd69-d86e4056de3d', '12f5b739-b818-4fe2-8fd2-9343a0869892');
INSERT INTO JOB_LISTING (ID, REGION_ID) VALUES ('f5ee7931-3348-4bc2-b249-5afd32d4e44c', '8f210672-db08-4e81-b492-d69dd03adb6b');
INSERT INTO JOB_LISTING_TECHNOLOGY (JOB_LISTING_ID, TECHNOLOGY_ID) VALUES ('f5ee7931-3348-4bc2-b249-5afd32d4e44c', 'caa2705f-a177-41ae-8fa1-cc6264c17453');
INSERT INTO JOB_LISTING_TECHNOLOGY (JOB_LISTING_ID, TECHNOLOGY_ID) VALUES ('f5ee7931-3348-4bc2-b249-5afd32d4e44c', '85b2dd43-48d0-458c-b5a6-ecdbd4dae1b3');
INSERT INTO JOB_LISTING_TECHNOLOGY (JOB_LISTING_ID, TECHNOLOGY_ID) VALUES ('f5ee7931-3348-4bc2-b249-5afd32d4e44c', 'd37d5595-16b2-4a62-82b0-910a83e0c0be');
INSERT INTO JOB_LISTING (ID, REGION_ID) VALUES ('2970f07c-4cc6-4fb3-9d65-d4a9b533783c', 'eb81d4f5-05de-40d0-85cc-ba5b5006a277');
INSERT INTO JOB_LISTING_TECHNOLOGY (JOB_LISTING_ID, TECHNOLOGY_ID) VALUES ('2970f07c-4cc6-4fb3-9d65-d4a9b533783c', '12f5b739-b818-4fe2-8fd2-9343a0869892');
INSERT INTO JOB_LISTING_TECHNOLOGY (JOB_LISTING_ID, TECHNOLOGY_ID) VALUES ('2970f07c-4cc6-4fb3-9d65-d4a9b533783c', '80e1c80f-5f8f-4482-aeac-a1328beb807d');
INSERT INTO JOB_LISTING (ID, REGION_ID) VALUES ('44a76f32-ba64-48d7-b0d5-32c962c84869', 'd340f5b0-5115-49fe-a743-c78604ee56ff');
INSERT INTO JOB_LISTING_TECHNOLOGY (JOB_LISTING_ID, TECHNOLOGY_ID) VALUES ('44a76f32-ba64-48d7-b0d5-32c962c84869', '85b2dd43-48d0-458c-b5a6-ecdbd4dae1b3');
INSERT INTO JOB_LISTING_TECHNOLOGY (JOB_LISTING_ID, TECHNOLOGY_ID) VALUES ('44a76f32-ba64-48d7-b0d5-32c962c84869', 'dada90e7-e495-4970-814d-34762d67e28b');
INSERT INTO JOB_LISTING (ID, REGION_ID) VALUES ('782b882b-4ca9-464a-85f7-8ca06d41d0d1', 'd9907675-7b6f-4aa5-9380-d31613198062');
INSERT INTO JOB_LISTING_TECHNOLOGY (JOB_LISTING_ID, TECHNOLOGY_ID) VALUES ('782b882b-4ca9-464a-85f7-8ca06d41d0d1', '80e1c80f-5f8f-4482-aeac-a1328beb807d');
INSERT INTO JOB_LISTING_TECHNOLOGY (JOB_LISTING_ID, TECHNOLOGY_ID) VALUES ('782b882b-4ca9-464a-85f7-8ca06d41d0d1', 'dada90e7-e495-4970-814d-34762d67e28b');
INSERT INTO JOB_LISTING (ID, REGION_ID) VALUES ('e631d666-558a-4dc6-944c-0212ceb12057', '84162474-f46d-4f9e-a9ea-c82ddaf33a84');
INSERT INTO JOB_LISTING_TECHNOLOGY (JOB_LISTING_ID, TECHNOLOGY_ID) VALUES ('e631d666-558a-4dc6-944c-0212ceb12057', '85b2dd43-48d0-458c-b5a6-ecdbd4dae1b3');
INSERT INTO JOB_LISTING_TECHNOLOGY (JOB_LISTING_ID, TECHNOLOGY_ID) VALUES ('e631d666-558a-4dc6-944c-0212ceb12057', 'dada90e7-e495-4970-814d-34762d67e28b');
INSERT INTO JOB_LISTING_TECHNOLOGY (JOB_LISTING_ID, TECHNOLOGY_ID) VALUES ('e631d666-558a-4dc6-944c-0212ceb12057', 'f7213740-f29a-4d4d-b232-ff6dc53dfe59');
INSERT INTO JOB_LISTING_TECHNOLOGY (JOB_LISTING_ID, TECHNOLOGY_ID) VALUES ('e631d666-558a-4dc6-944c-0212ceb12057', 'd93dd155-2c47-4166-83d5-291fc369a54e');
INSERT INTO JOB_LISTING (ID, REGION_ID) VALUES ('cc096264-bafb-4caa-894c-957098f643fd', '1ea66abe-b09a-473d-a896-3da9d279178f');
INSERT INTO JOB_LISTING_TECHNOLOGY (JOB_LISTING_ID, TECHNOLOGY_ID) VALUES ('cc096264-bafb-4caa-894c-957098f643fd', 'caa2705f-a177-41ae-8fa1-cc6264c17453');
INSERT INTO JOB_LISTING_TECHNOLOGY (JOB_LISTING_ID, TECHNOLOGY_ID) VALUES ('cc096264-bafb-4caa-894c-957098f643fd', '85b2dd43-48d0-458c-b5a6-ecdbd4dae1b3');
INSERT INTO JOB_LISTING (ID, REGION_ID) VALUES ('b37990a5-0743-4396-982b-7cf4e174b88c', '0b992576-0429-4315-a3d3-f5f3350479c5');
INSERT INTO JOB_LISTING_TECHNOLOGY (JOB_LISTING_ID, TECHNOLOGY_ID) VALUES ('b37990a5-0743-4396-982b-7cf4e174b88c', 'd37d5595-16b2-4a62-82b0-910a83e0c0be');
INSERT INTO JOB_LISTING_TECHNOLOGY (JOB_LISTING_ID, TECHNOLOGY_ID) VALUES ('b37990a5-0743-4396-982b-7cf4e174b88c', 'dada90e7-e495-4970-814d-34762d67e28b');
INSERT INTO JOB_LISTING (ID, REGION_ID) VALUES ('eb25008b-6174-48e5-9668-c23d6fbc7ab2', '3c69db27-3d1d-492f-ae73-67ac9bdeec94');
INSERT INTO JOB_LISTING_TECHNOLOGY (JOB_LISTING_ID, TECHNOLOGY_ID) VALUES ('eb25008b-6174-48e5-9668-c23d6fbc7ab2', 'd37d5595-16b2-4a62-82b0-910a83e0c0be');
INSERT INTO JOB_LISTING_TECHNOLOGY (JOB_LISTING_ID, TECHNOLOGY_ID) VALUES ('eb25008b-6174-48e5-9668-c23d6fbc7ab2', 'dada90e7-e495-4970-814d-34762d67e28b');
INSERT INTO JOB_LISTING (ID, REGION_ID) VALUES ('41423bc6-f2a2-44b2-9db9-9755757ede52', '9921c27d-8548-4c8e-b672-bc12c7454998');
INSERT INTO JOB_LISTING_TECHNOLOGY (JOB_LISTING_ID, TECHNOLOGY_ID) VALUES ('41423bc6-f2a2-44b2-9db9-9755757ede52', 'dada90e7-e495-4970-814d-34762d67e28b');
INSERT INTO JOB_LISTING_TECHNOLOGY (JOB_LISTING_ID, TECHNOLOGY_ID) VALUES ('41423bc6-f2a2-44b2-9db9-9755757ede52', '85b2dd43-48d0-458c-b5a6-ecdbd4dae1b3');
INSERT INTO JOB_LISTING_TECHNOLOGY (JOB_LISTING_ID, TECHNOLOGY_ID) VALUES ('41423bc6-f2a2-44b2-9db9-9755757ede52', '12f5b739-b818-4fe2-8fd2-9343a0869892');
INSERT INTO JOB_LISTING_TECHNOLOGY (JOB_LISTING_ID, TECHNOLOGY_ID) VALUES ('41423bc6-f2a2-44b2-9db9-9755757ede52', 'd93dd155-2c47-4166-83d5-291fc369a54e');
INSERT INTO JOB_LISTING (ID, REGION_ID) VALUES ('d823cd50-838b-494d-9c27-16a99a7a21f0', '590a5a5d-110e-4c48-aad8-0d49a41f4d87');
INSERT INTO JOB_LISTING_TECHNOLOGY (JOB_LISTING_ID, TECHNOLOGY_ID) VALUES ('d823cd50-838b-494d-9c27-16a99a7a21f0', '85b2dd43-48d0-458c-b5a6-ecdbd4dae1b3');
INSERT INTO JOB_LISTING_TECHNOLOGY (JOB_LISTING_ID, TECHNOLOGY_ID) VALUES ('d823cd50-838b-494d-9c27-16a99a7a21f0', '46582243-11e4-450e-be96-8a01d9a1d304');
INSERT INTO JOB_LISTING_TECHNOLOGY (JOB_LISTING_ID, TECHNOLOGY_ID) VALUES ('d823cd50-838b-494d-9c27-16a99a7a21f0', '80e1c80f-5f8f-4482-aeac-a1328beb807d');
INSERT INTO JOB_LISTING (ID, REGION_ID) VALUES ('5b665964-d773-43b3-a8b4-40b9515d1663', '9076b84e-416e-470a-9511-88423e390ee5');
INSERT INTO JOB_LISTING_TECHNOLOGY (JOB_LISTING_ID, TECHNOLOGY_ID) VALUES ('5b665964-d773-43b3-a8b4-40b9515d1663', '46582243-11e4-450e-be96-8a01d9a1d304');
INSERT INTO JOB_LISTING_TECHNOLOGY (JOB_LISTING_ID, TECHNOLOGY_ID) VALUES ('5b665964-d773-43b3-a8b4-40b9515d1663', '80e1c80f-5f8f-4482-aeac-a1328beb807d');
INSERT INTO JOB_LISTING_TECHNOLOGY (JOB_LISTING_ID, TECHNOLOGY_ID) VALUES ('5b665964-d773-43b3-a8b4-40b9515d1663', '12f5b739-b818-4fe2-8fd2-9343a0869892');
INSERT INTO JOB_LISTING_TECHNOLOGY (JOB_LISTING_ID, TECHNOLOGY_ID) VALUES ('5b665964-d773-43b3-a8b4-40b9515d1663', 'c77d6801-7e11-496d-a89b-b619d6059730');
INSERT INTO JOB_LISTING_TECHNOLOGY (JOB_LISTING_ID, TECHNOLOGY_ID) VALUES ('5b665964-d773-43b3-a8b4-40b9515d1663', '85b2dd43-48d0-458c-b5a6-ecdbd4dae1b3');
INSERT INTO JOB_LISTING (ID, REGION_ID) VALUES ('dce1e4d6-6a07-4736-858a-a287a11e965e', '617e438c-3e35-4556-ae96-0708a74fb099');
INSERT INTO JOB_LISTING_TECHNOLOGY (JOB_LISTING_ID, TECHNOLOGY_ID) VALUES ('dce1e4d6-6a07-4736-858a-a287a11e965e', 'caa2705f-a177-41ae-8fa1-cc6264c17453');
INSERT INTO JOB_LISTING_TECHNOLOGY (JOB_LISTING_ID, TECHNOLOGY_ID) VALUES ('dce1e4d6-6a07-4736-858a-a287a11e965e', '12f5b739-b818-4fe2-8fd2-9343a0869892');
INSERT INTO JOB_LISTING (ID, REGION_ID) VALUES ('e93abc7c-422b-4cbd-903f-ca266277968c', '1c6b837b-7115-413d-acdf-e9bb729d2555');
INSERT INTO JOB_LISTING_TECHNOLOGY (JOB_LISTING_ID, TECHNOLOGY_ID) VALUES ('e93abc7c-422b-4cbd-903f-ca266277968c', '85b2dd43-48d0-458c-b5a6-ecdbd4dae1b3');
INSERT INTO JOB_LISTING_TECHNOLOGY (JOB_LISTING_ID, TECHNOLOGY_ID) VALUES ('e93abc7c-422b-4cbd-903f-ca266277968c', 'd37d5595-16b2-4a62-82b0-910a83e0c0be');
INSERT INTO JOB_LISTING (ID, REGION_ID) VALUES ('23085318-ae2c-4722-bd9f-d21b25f7f63d', '1faffd78-fe8d-4525-a3a1-82a7ccb2e4f5');
INSERT INTO JOB_LISTING_TECHNOLOGY (JOB_LISTING_ID, TECHNOLOGY_ID) VALUES ('23085318-ae2c-4722-bd9f-d21b25f7f63d', 'dada90e7-e495-4970-814d-34762d67e28b');
INSERT INTO JOB_LISTING_TECHNOLOGY (JOB_LISTING_ID, TECHNOLOGY_ID) VALUES ('23085318-ae2c-4722-bd9f-d21b25f7f63d', '80e1c80f-5f8f-4482-aeac-a1328beb807d');
INSERT INTO JOB_LISTING_TECHNOLOGY (JOB_LISTING_ID, TECHNOLOGY_ID) VALUES ('23085318-ae2c-4722-bd9f-d21b25f7f63d', '46582243-11e4-450e-be96-8a01d9a1d304');
INSERT INTO JOB_LISTING_TECHNOLOGY (JOB_LISTING_ID, TECHNOLOGY_ID) VALUES ('23085318-ae2c-4722-bd9f-d21b25f7f63d', 'caa2705f-a177-41ae-8fa1-cc6264c17453');
INSERT INTO JOB_LISTING (ID, REGION_ID) VALUES ('21e921b2-ed03-49c4-8480-e4d32f5dc1b2', 'eceaa8b9-3b66-4bf9-8dee-28ad2dcee356');
INSERT INTO JOB_LISTING_TECHNOLOGY (JOB_LISTING_ID, TECHNOLOGY_ID) VALUES ('21e921b2-ed03-49c4-8480-e4d32f5dc1b2', 'f7213740-f29a-4d4d-b232-ff6dc53dfe59');
INSERT INTO JOB_LISTING_TECHNOLOGY (JOB_LISTING_ID, TECHNOLOGY_ID) VALUES ('21e921b2-ed03-49c4-8480-e4d32f5dc1b2', '12f5b739-b818-4fe2-8fd2-9343a0869892');
INSERT INTO JOB_LISTING_TECHNOLOGY (JOB_LISTING_ID, TECHNOLOGY_ID) VALUES ('21e921b2-ed03-49c4-8480-e4d32f5dc1b2', 'd37d5595-16b2-4a62-82b0-910a83e0c0be');
INSERT INTO JOB_LISTING_TECHNOLOGY (JOB_LISTING_ID, TECHNOLOGY_ID) VALUES ('21e921b2-ed03-49c4-8480-e4d32f5dc1b2', '80e1c80f-5f8f-4482-aeac-a1328beb807d');
INSERT INTO JOB_LISTING (ID, REGION_ID) VALUES ('d84b5c3f-982c-479f-ae67-b1efa9f8d7d8', '205585ce-5eb8-4242-8926-0ab53ab82514');
INSERT INTO JOB_LISTING_TECHNOLOGY (JOB_LISTING_ID, TECHNOLOGY_ID) VALUES ('d84b5c3f-982c-479f-ae67-b1efa9f8d7d8', '12f5b739-b818-4fe2-8fd2-9343a0869892');
INSERT INTO JOB_LISTING_TECHNOLOGY (JOB_LISTING_ID, TECHNOLOGY_ID) VALUES ('d84b5c3f-982c-479f-ae67-b1efa9f8d7d8', '46582243-11e4-450e-be96-8a01d9a1d304');
INSERT INTO JOB_LISTING (ID, REGION_ID) VALUES ('86d6b611-e8e5-483d-944c-f52f3d8dc940', 'b27dce47-bb60-451c-bc08-92d976c2518a');
INSERT INTO JOB_LISTING_TECHNOLOGY (JOB_LISTING_ID, TECHNOLOGY_ID) VALUES ('86d6b611-e8e5-483d-944c-f52f3d8dc940', 'c77d6801-7e11-496d-a89b-b619d6059730');
INSERT INTO JOB_LISTING_TECHNOLOGY (JOB_LISTING_ID, TECHNOLOGY_ID) VALUES ('86d6b611-e8e5-483d-944c-f52f3d8dc940', 'caa2705f-a177-41ae-8fa1-cc6264c17453');
INSERT INTO JOB_LISTING_TECHNOLOGY (JOB_LISTING_ID, TECHNOLOGY_ID) VALUES ('86d6b611-e8e5-483d-944c-f52f3d8dc940', '80e1c80f-5f8f-4482-aeac-a1328beb807d');
INSERT INTO JOB_LISTING_TECHNOLOGY (JOB_LISTING_ID, TECHNOLOGY_ID) VALUES ('86d6b611-e8e5-483d-944c-f52f3d8dc940', 'f7213740-f29a-4d4d-b232-ff6dc53dfe59');
INSERT INTO JOB_LISTING_TECHNOLOGY (JOB_LISTING_ID, TECHNOLOGY_ID) VALUES ('86d6b611-e8e5-483d-944c-f52f3d8dc940', 'dada90e7-e495-4970-814d-34762d67e28b');
INSERT INTO JOB_LISTING (ID, REGION_ID) VALUES ('23fb03a5-4f6b-4c78-a899-67d8e77d2d00', 'a452ef93-d79a-40d7-ad14-1190fa11e65b');
INSERT INTO JOB_LISTING_TECHNOLOGY (JOB_LISTING_ID, TECHNOLOGY_ID) VALUES ('23fb03a5-4f6b-4c78-a899-67d8e77d2d00', '46582243-11e4-450e-be96-8a01d9a1d304');
INSERT INTO JOB_LISTING_TECHNOLOGY (JOB_LISTING_ID, TECHNOLOGY_ID) VALUES ('23fb03a5-4f6b-4c78-a899-67d8e77d2d00', 'd93dd155-2c47-4166-83d5-291fc369a54e');
INSERT INTO JOB_LISTING (ID, REGION_ID) VALUES ('f1388a51-e7ea-4a28-ab6f-8dae2908ee4a', 'abfc222c-5ee8-4847-a50d-06a5b095ea25');
INSERT INTO JOB_LISTING_TECHNOLOGY (JOB_LISTING_ID, TECHNOLOGY_ID) VALUES ('f1388a51-e7ea-4a28-ab6f-8dae2908ee4a', '85b2dd43-48d0-458c-b5a6-ecdbd4dae1b3');
INSERT INTO JOB_LISTING_TECHNOLOGY (JOB_LISTING_ID, TECHNOLOGY_ID) VALUES ('f1388a51-e7ea-4a28-ab6f-8dae2908ee4a', 'dada90e7-e495-4970-814d-34762d67e28b');
INSERT INTO JOB_LISTING_TECHNOLOGY (JOB_LISTING_ID, TECHNOLOGY_ID) VALUES ('f1388a51-e7ea-4a28-ab6f-8dae2908ee4a', '46582243-11e4-450e-be96-8a01d9a1d304');
INSERT INTO JOB_LISTING (ID, REGION_ID) VALUES ('fc4b6199-267a-4ff2-949e-657f709a31d1', 'ff17b5c0-07ca-434d-90cf-85e038f4bdd5');
INSERT INTO JOB_LISTING_TECHNOLOGY (JOB_LISTING_ID, TECHNOLOGY_ID) VALUES ('fc4b6199-267a-4ff2-949e-657f709a31d1', 'f7213740-f29a-4d4d-b232-ff6dc53dfe59');
INSERT INTO JOB_LISTING_TECHNOLOGY (JOB_LISTING_ID, TECHNOLOGY_ID) VALUES ('fc4b6199-267a-4ff2-949e-657f709a31d1', 'd37d5595-16b2-4a62-82b0-910a83e0c0be');
INSERT INTO JOB_LISTING (ID, REGION_ID) VALUES ('16579065-d2de-4d0d-8ef1-12ab137e8233', 'f91ee8cd-d915-4d9b-be2d-4a7e53e586a9');
INSERT INTO JOB_LISTING_TECHNOLOGY (JOB_LISTING_ID, TECHNOLOGY_ID) VALUES ('16579065-d2de-4d0d-8ef1-12ab137e8233', 'dada90e7-e495-4970-814d-34762d67e28b');
INSERT INTO JOB_LISTING_TECHNOLOGY (JOB_LISTING_ID, TECHNOLOGY_ID) VALUES ('16579065-d2de-4d0d-8ef1-12ab137e8233', '85b2dd43-48d0-458c-b5a6-ecdbd4dae1b3');
INSERT INTO JOB_LISTING_TECHNOLOGY (JOB_LISTING_ID, TECHNOLOGY_ID) VALUES ('16579065-d2de-4d0d-8ef1-12ab137e8233', '12f5b739-b818-4fe2-8fd2-9343a0869892');
INSERT INTO JOB_LISTING_TECHNOLOGY (JOB_LISTING_ID, TECHNOLOGY_ID) VALUES ('16579065-d2de-4d0d-8ef1-12ab137e8233', 'd37d5595-16b2-4a62-82b0-910a83e0c0be');
INSERT INTO JOB_LISTING (ID, REGION_ID) VALUES ('37a5ad9e-3e11-45a5-b471-02f708b3b665', 'c7767916-37b7-46df-80c1-d62d0f8c934a');
INSERT INTO JOB_LISTING_TECHNOLOGY (JOB_LISTING_ID, TECHNOLOGY_ID) VALUES ('37a5ad9e-3e11-45a5-b471-02f708b3b665', 'd93dd155-2c47-4166-83d5-291fc369a54e');
INSERT INTO JOB_LISTING_TECHNOLOGY (JOB_LISTING_ID, TECHNOLOGY_ID) VALUES ('37a5ad9e-3e11-45a5-b471-02f708b3b665', 'c77d6801-7e11-496d-a89b-b619d6059730');
INSERT INTO JOB_LISTING_TECHNOLOGY (JOB_LISTING_ID, TECHNOLOGY_ID) VALUES ('37a5ad9e-3e11-45a5-b471-02f708b3b665', 'dada90e7-e495-4970-814d-34762d67e28b');
INSERT INTO JOB_LISTING (ID, REGION_ID) VALUES ('e32eba3e-1ebe-4c95-b708-a60e1fbe2321', '75724134-4f6c-4573-83a7-5c512bf75195');
INSERT INTO JOB_LISTING_TECHNOLOGY (JOB_LISTING_ID, TECHNOLOGY_ID) VALUES ('e32eba3e-1ebe-4c95-b708-a60e1fbe2321', '46582243-11e4-450e-be96-8a01d9a1d304');
INSERT INTO JOB_LISTING_TECHNOLOGY (JOB_LISTING_ID, TECHNOLOGY_ID) VALUES ('e32eba3e-1ebe-4c95-b708-a60e1fbe2321', 'dada90e7-e495-4970-814d-34762d67e28b');
INSERT INTO JOB_LISTING_TECHNOLOGY (JOB_LISTING_ID, TECHNOLOGY_ID) VALUES ('e32eba3e-1ebe-4c95-b708-a60e1fbe2321', 'd93dd155-2c47-4166-83d5-291fc369a54e');
INSERT INTO JOB_LISTING_TECHNOLOGY (JOB_LISTING_ID, TECHNOLOGY_ID) VALUES ('e32eba3e-1ebe-4c95-b708-a60e1fbe2321', 'c77d6801-7e11-496d-a89b-b619d6059730');
INSERT INTO JOB_LISTING (ID, REGION_ID) VALUES ('e4b88ab7-7b1f-4d33-a60a-a605c75dc6d8', '0fc67f63-1e7a-40d6-8e4a-a911ba5d7203');
INSERT INTO JOB_LISTING_TECHNOLOGY (JOB_LISTING_ID, TECHNOLOGY_ID) VALUES ('e4b88ab7-7b1f-4d33-a60a-a605c75dc6d8', 'caa2705f-a177-41ae-8fa1-cc6264c17453');
INSERT INTO JOB_LISTING_TECHNOLOGY (JOB_LISTING_ID, TECHNOLOGY_ID) VALUES ('e4b88ab7-7b1f-4d33-a60a-a605c75dc6d8', 'dada90e7-e495-4970-814d-34762d67e28b');
INSERT INTO JOB_LISTING_TECHNOLOGY (JOB_LISTING_ID, TECHNOLOGY_ID) VALUES ('e4b88ab7-7b1f-4d33-a60a-a605c75dc6d8', '85b2dd43-48d0-458c-b5a6-ecdbd4dae1b3');
INSERT INTO JOB_LISTING_TECHNOLOGY (JOB_LISTING_ID, TECHNOLOGY_ID) VALUES ('e4b88ab7-7b1f-4d33-a60a-a605c75dc6d8', '12f5b739-b818-4fe2-8fd2-9343a0869892');
INSERT INTO JOB_LISTING (ID, REGION_ID) VALUES ('1a9a17a4-eb68-4f3a-b80f-0d7e83e09475', 'd17281b9-c6fc-4aab-86d4-9ab24bb3b6fd');
INSERT INTO JOB_LISTING_TECHNOLOGY (JOB_LISTING_ID, TECHNOLOGY_ID) VALUES ('1a9a17a4-eb68-4f3a-b80f-0d7e83e09475', 'd93dd155-2c47-4166-83d5-291fc369a54e');
INSERT INTO JOB_LISTING_TECHNOLOGY (JOB_LISTING_ID, TECHNOLOGY_ID) VALUES ('1a9a17a4-eb68-4f3a-b80f-0d7e83e09475', 'd37d5595-16b2-4a62-82b0-910a83e0c0be');
INSERT INTO JOB_LISTING_TECHNOLOGY (JOB_LISTING_ID, TECHNOLOGY_ID) VALUES ('1a9a17a4-eb68-4f3a-b80f-0d7e83e09475', '12f5b739-b818-4fe2-8fd2-9343a0869892');
INSERT INTO JOB_LISTING (ID, REGION_ID) VALUES ('1d3beded-ddb3-47fe-85ac-828587c0bb57', 'fdb63d77-f427-41bb-96a2-91130f3a0466');
INSERT INTO JOB_LISTING_TECHNOLOGY (JOB_LISTING_ID, TECHNOLOGY_ID) VALUES ('1d3beded-ddb3-47fe-85ac-828587c0bb57', '12f5b739-b818-4fe2-8fd2-9343a0869892');
INSERT INTO JOB_LISTING_TECHNOLOGY (JOB_LISTING_ID, TECHNOLOGY_ID) VALUES ('1d3beded-ddb3-47fe-85ac-828587c0bb57', 'caa2705f-a177-41ae-8fa1-cc6264c17453');
INSERT INTO JOB_LISTING (ID, REGION_ID) VALUES ('04f337f8-4780-4ba9-829c-fe7102c0d667', 'e6056c00-d6d4-4a39-9cb0-5e7c3751c9f3');
INSERT INTO JOB_LISTING_TECHNOLOGY (JOB_LISTING_ID, TECHNOLOGY_ID) VALUES ('04f337f8-4780-4ba9-829c-fe7102c0d667', 'dada90e7-e495-4970-814d-34762d67e28b');
INSERT INTO JOB_LISTING_TECHNOLOGY (JOB_LISTING_ID, TECHNOLOGY_ID) VALUES ('04f337f8-4780-4ba9-829c-fe7102c0d667', 'f7213740-f29a-4d4d-b232-ff6dc53dfe59');
INSERT INTO JOB_LISTING_TECHNOLOGY (JOB_LISTING_ID, TECHNOLOGY_ID) VALUES ('04f337f8-4780-4ba9-829c-fe7102c0d667', 'd93dd155-2c47-4166-83d5-291fc369a54e');
INSERT INTO JOB_LISTING_TECHNOLOGY (JOB_LISTING_ID, TECHNOLOGY_ID) VALUES ('04f337f8-4780-4ba9-829c-fe7102c0d667', '46582243-11e4-450e-be96-8a01d9a1d304');
INSERT INTO JOB_LISTING (ID, REGION_ID) VALUES ('47f0cd70-e9ab-45d7-bbdd-de7e5e3bdeac', '8f210672-db08-4e81-b492-d69dd03adb6b');
INSERT INTO JOB_LISTING_TECHNOLOGY (JOB_LISTING_ID, TECHNOLOGY_ID) VALUES ('47f0cd70-e9ab-45d7-bbdd-de7e5e3bdeac', 'dada90e7-e495-4970-814d-34762d67e28b');
INSERT INTO JOB_LISTING_TECHNOLOGY (JOB_LISTING_ID, TECHNOLOGY_ID) VALUES ('47f0cd70-e9ab-45d7-bbdd-de7e5e3bdeac', 'd37d5595-16b2-4a62-82b0-910a83e0c0be');
INSERT INTO JOB_LISTING_TECHNOLOGY (JOB_LISTING_ID, TECHNOLOGY_ID) VALUES ('47f0cd70-e9ab-45d7-bbdd-de7e5e3bdeac', 'c77d6801-7e11-496d-a89b-b619d6059730');
INSERT INTO JOB_LISTING_TECHNOLOGY (JOB_LISTING_ID, TECHNOLOGY_ID) VALUES ('47f0cd70-e9ab-45d7-bbdd-de7e5e3bdeac', '12f5b739-b818-4fe2-8fd2-9343a0869892');
INSERT INTO JOB_LISTING (ID, REGION_ID) VALUES ('6940dff8-cd7d-40a6-9512-b4e57fc0c4f0', 'eb81d4f5-05de-40d0-85cc-ba5b5006a277');
INSERT INTO JOB_LISTING_TECHNOLOGY (JOB_LISTING_ID, TECHNOLOGY_ID) VALUES ('6940dff8-cd7d-40a6-9512-b4e57fc0c4f0', 'd37d5595-16b2-4a62-82b0-910a83e0c0be');
INSERT INTO JOB_LISTING_TECHNOLOGY (JOB_LISTING_ID, TECHNOLOGY_ID) VALUES ('6940dff8-cd7d-40a6-9512-b4e57fc0c4f0', 'd93dd155-2c47-4166-83d5-291fc369a54e');
INSERT INTO JOB_LISTING_TECHNOLOGY (JOB_LISTING_ID, TECHNOLOGY_ID) VALUES ('6940dff8-cd7d-40a6-9512-b4e57fc0c4f0', 'caa2705f-a177-41ae-8fa1-cc6264c17453');
INSERT INTO JOB_LISTING_TECHNOLOGY (JOB_LISTING_ID, TECHNOLOGY_ID) VALUES ('6940dff8-cd7d-40a6-9512-b4e57fc0c4f0', '85b2dd43-48d0-458c-b5a6-ecdbd4dae1b3');
INSERT INTO JOB_LISTING (ID, REGION_ID) VALUES ('c382221a-6492-45cd-bea4-bf84263c6adc', 'd340f5b0-5115-49fe-a743-c78604ee56ff');
INSERT INTO JOB_LISTING_TECHNOLOGY (JOB_LISTING_ID, TECHNOLOGY_ID) VALUES ('c382221a-6492-45cd-bea4-bf84263c6adc', 'dada90e7-e495-4970-814d-34762d67e28b');
INSERT INTO JOB_LISTING_TECHNOLOGY (JOB_LISTING_ID, TECHNOLOGY_ID) VALUES ('c382221a-6492-45cd-bea4-bf84263c6adc', 'caa2705f-a177-41ae-8fa1-cc6264c17453');
INSERT INTO JOB_LISTING_TECHNOLOGY (JOB_LISTING_ID, TECHNOLOGY_ID) VALUES ('c382221a-6492-45cd-bea4-bf84263c6adc', '80e1c80f-5f8f-4482-aeac-a1328beb807d');
INSERT INTO JOB_LISTING_TECHNOLOGY (JOB_LISTING_ID, TECHNOLOGY_ID) VALUES ('c382221a-6492-45cd-bea4-bf84263c6adc', '12f5b739-b818-4fe2-8fd2-9343a0869892');
INSERT INTO JOB_LISTING (ID, REGION_ID) VALUES ('ae30f01d-e568-4547-b200-d8f60c35194d', 'd9907675-7b6f-4aa5-9380-d31613198062');
INSERT INTO JOB_LISTING_TECHNOLOGY (JOB_LISTING_ID, TECHNOLOGY_ID) VALUES ('ae30f01d-e568-4547-b200-d8f60c35194d', '46582243-11e4-450e-be96-8a01d9a1d304');
INSERT INTO JOB_LISTING_TECHNOLOGY (JOB_LISTING_ID, TECHNOLOGY_ID) VALUES ('ae30f01d-e568-4547-b200-d8f60c35194d', 'dada90e7-e495-4970-814d-34762d67e28b');
INSERT INTO JOB_LISTING_TECHNOLOGY (JOB_LISTING_ID, TECHNOLOGY_ID) VALUES ('ae30f01d-e568-4547-b200-d8f60c35194d', '80e1c80f-5f8f-4482-aeac-a1328beb807d');
INSERT INTO JOB_LISTING (ID, REGION_ID) VALUES ('7da90b7b-89e7-4b41-aecd-fe1b73d09442', '84162474-f46d-4f9e-a9ea-c82ddaf33a84');
INSERT INTO JOB_LISTING_TECHNOLOGY (JOB_LISTING_ID, TECHNOLOGY_ID) VALUES ('7da90b7b-89e7-4b41-aecd-fe1b73d09442', 'd37d5595-16b2-4a62-82b0-910a83e0c0be');
INSERT INTO JOB_LISTING_TECHNOLOGY (JOB_LISTING_ID, TECHNOLOGY_ID) VALUES ('7da90b7b-89e7-4b41-aecd-fe1b73d09442', 'caa2705f-a177-41ae-8fa1-cc6264c17453');
INSERT INTO JOB_LISTING (ID, REGION_ID) VALUES ('6d03b4e6-e57e-40b7-be6d-603052d88327', '1ea66abe-b09a-473d-a896-3da9d279178f');
INSERT INTO JOB_LISTING_TECHNOLOGY (JOB_LISTING_ID, TECHNOLOGY_ID) VALUES ('6d03b4e6-e57e-40b7-be6d-603052d88327', 'caa2705f-a177-41ae-8fa1-cc6264c17453');
INSERT INTO JOB_LISTING_TECHNOLOGY (JOB_LISTING_ID, TECHNOLOGY_ID) VALUES ('6d03b4e6-e57e-40b7-be6d-603052d88327', '85b2dd43-48d0-458c-b5a6-ecdbd4dae1b3');
INSERT INTO JOB_LISTING (ID, REGION_ID) VALUES ('ad0f3ce8-81ea-460c-adfa-4e70ed6249ee', '0b992576-0429-4315-a3d3-f5f3350479c5');
INSERT INTO JOB_LISTING_TECHNOLOGY (JOB_LISTING_ID, TECHNOLOGY_ID) VALUES ('ad0f3ce8-81ea-460c-adfa-4e70ed6249ee', '46582243-11e4-450e-be96-8a01d9a1d304');
INSERT INTO JOB_LISTING_TECHNOLOGY (JOB_LISTING_ID, TECHNOLOGY_ID) VALUES ('ad0f3ce8-81ea-460c-adfa-4e70ed6249ee', 'd93dd155-2c47-4166-83d5-291fc369a54e');
INSERT INTO JOB_LISTING_TECHNOLOGY (JOB_LISTING_ID, TECHNOLOGY_ID) VALUES ('ad0f3ce8-81ea-460c-adfa-4e70ed6249ee', '85b2dd43-48d0-458c-b5a6-ecdbd4dae1b3');
INSERT INTO JOB_LISTING_TECHNOLOGY (JOB_LISTING_ID, TECHNOLOGY_ID) VALUES ('ad0f3ce8-81ea-460c-adfa-4e70ed6249ee', 'dada90e7-e495-4970-814d-34762d67e28b');
INSERT INTO JOB_LISTING (ID, REGION_ID) VALUES ('6b205395-76a7-44a0-83f9-fa87348454fc', '3c69db27-3d1d-492f-ae73-67ac9bdeec94');
INSERT INTO JOB_LISTING_TECHNOLOGY (JOB_LISTING_ID, TECHNOLOGY_ID) VALUES ('6b205395-76a7-44a0-83f9-fa87348454fc', '46582243-11e4-450e-be96-8a01d9a1d304');
INSERT INTO JOB_LISTING_TECHNOLOGY (JOB_LISTING_ID, TECHNOLOGY_ID) VALUES ('6b205395-76a7-44a0-83f9-fa87348454fc', '12f5b739-b818-4fe2-8fd2-9343a0869892');
INSERT INTO JOB_LISTING_TECHNOLOGY (JOB_LISTING_ID, TECHNOLOGY_ID) VALUES ('6b205395-76a7-44a0-83f9-fa87348454fc', '85b2dd43-48d0-458c-b5a6-ecdbd4dae1b3');
INSERT INTO JOB_LISTING_TECHNOLOGY (JOB_LISTING_ID, TECHNOLOGY_ID) VALUES ('6b205395-76a7-44a0-83f9-fa87348454fc', '80e1c80f-5f8f-4482-aeac-a1328beb807d');
INSERT INTO JOB_LISTING_TECHNOLOGY (JOB_LISTING_ID, TECHNOLOGY_ID) VALUES ('6b205395-76a7-44a0-83f9-fa87348454fc', 'c77d6801-7e11-496d-a89b-b619d6059730');
INSERT INTO JOB_LISTING (ID, REGION_ID) VALUES ('97f11d90-e4a2-45f8-99f4-907d9bc1553b', '9921c27d-8548-4c8e-b672-bc12c7454998');
INSERT INTO JOB_LISTING_TECHNOLOGY (JOB_LISTING_ID, TECHNOLOGY_ID) VALUES ('97f11d90-e4a2-45f8-99f4-907d9bc1553b', '80e1c80f-5f8f-4482-aeac-a1328beb807d');
INSERT INTO JOB_LISTING_TECHNOLOGY (JOB_LISTING_ID, TECHNOLOGY_ID) VALUES ('97f11d90-e4a2-45f8-99f4-907d9bc1553b', 'caa2705f-a177-41ae-8fa1-cc6264c17453');
INSERT INTO JOB_LISTING_TECHNOLOGY (JOB_LISTING_ID, TECHNOLOGY_ID) VALUES ('97f11d90-e4a2-45f8-99f4-907d9bc1553b', 'd37d5595-16b2-4a62-82b0-910a83e0c0be');
INSERT INTO JOB_LISTING (ID, REGION_ID) VALUES ('071dcd14-107a-458d-9f19-1414eb1056e5', '590a5a5d-110e-4c48-aad8-0d49a41f4d87');
INSERT INTO JOB_LISTING_TECHNOLOGY (JOB_LISTING_ID, TECHNOLOGY_ID) VALUES ('071dcd14-107a-458d-9f19-1414eb1056e5', 'd93dd155-2c47-4166-83d5-291fc369a54e');
INSERT INTO JOB_LISTING_TECHNOLOGY (JOB_LISTING_ID, TECHNOLOGY_ID) VALUES ('071dcd14-107a-458d-9f19-1414eb1056e5', '85b2dd43-48d0-458c-b5a6-ecdbd4dae1b3');
INSERT INTO JOB_LISTING_TECHNOLOGY (JOB_LISTING_ID, TECHNOLOGY_ID) VALUES ('071dcd14-107a-458d-9f19-1414eb1056e5', 'caa2705f-a177-41ae-8fa1-cc6264c17453');
INSERT INTO JOB_LISTING_TECHNOLOGY (JOB_LISTING_ID, TECHNOLOGY_ID) VALUES ('071dcd14-107a-458d-9f19-1414eb1056e5', 'c77d6801-7e11-496d-a89b-b619d6059730');
INSERT INTO JOB_LISTING_TECHNOLOGY (JOB_LISTING_ID, TECHNOLOGY_ID) VALUES ('071dcd14-107a-458d-9f19-1414eb1056e5', '46582243-11e4-450e-be96-8a01d9a1d304');
INSERT INTO JOB_LISTING (ID, REGION_ID) VALUES ('5b9f7216-e630-4eec-adc7-35a72488f2af', '9076b84e-416e-470a-9511-88423e390ee5');
INSERT INTO JOB_LISTING_TECHNOLOGY (JOB_LISTING_ID, TECHNOLOGY_ID) VALUES ('5b9f7216-e630-4eec-adc7-35a72488f2af', 'dada90e7-e495-4970-814d-34762d67e28b');
INSERT INTO JOB_LISTING_TECHNOLOGY (JOB_LISTING_ID, TECHNOLOGY_ID) VALUES ('5b9f7216-e630-4eec-adc7-35a72488f2af', '80e1c80f-5f8f-4482-aeac-a1328beb807d');
INSERT INTO JOB_LISTING (ID, REGION_ID) VALUES ('617e41e4-355a-46f2-8cb3-93deda97e34b', '617e438c-3e35-4556-ae96-0708a74fb099');
INSERT INTO JOB_LISTING_TECHNOLOGY (JOB_LISTING_ID, TECHNOLOGY_ID) VALUES ('617e41e4-355a-46f2-8cb3-93deda97e34b', 'c77d6801-7e11-496d-a89b-b619d6059730');
INSERT INTO JOB_LISTING_TECHNOLOGY (JOB_LISTING_ID, TECHNOLOGY_ID) VALUES ('617e41e4-355a-46f2-8cb3-93deda97e34b', 'd93dd155-2c47-4166-83d5-291fc369a54e');
INSERT INTO JOB_LISTING_TECHNOLOGY (JOB_LISTING_ID, TECHNOLOGY_ID) VALUES ('617e41e4-355a-46f2-8cb3-93deda97e34b', 'f7213740-f29a-4d4d-b232-ff6dc53dfe59');
INSERT INTO JOB_LISTING_TECHNOLOGY (JOB_LISTING_ID, TECHNOLOGY_ID) VALUES ('617e41e4-355a-46f2-8cb3-93deda97e34b', '46582243-11e4-450e-be96-8a01d9a1d304');
INSERT INTO JOB_LISTING (ID, REGION_ID) VALUES ('9548c790-c44d-4baa-88f1-1bf1640ee91d', '1c6b837b-7115-413d-acdf-e9bb729d2555');
INSERT INTO JOB_LISTING_TECHNOLOGY (JOB_LISTING_ID, TECHNOLOGY_ID) VALUES ('9548c790-c44d-4baa-88f1-1bf1640ee91d', 'd93dd155-2c47-4166-83d5-291fc369a54e');
INSERT INTO JOB_LISTING_TECHNOLOGY (JOB_LISTING_ID, TECHNOLOGY_ID) VALUES ('9548c790-c44d-4baa-88f1-1bf1640ee91d', '12f5b739-b818-4fe2-8fd2-9343a0869892');
INSERT INTO JOB_LISTING_TECHNOLOGY (JOB_LISTING_ID, TECHNOLOGY_ID) VALUES ('9548c790-c44d-4baa-88f1-1bf1640ee91d', 'd37d5595-16b2-4a62-82b0-910a83e0c0be');
INSERT INTO JOB_LISTING_TECHNOLOGY (JOB_LISTING_ID, TECHNOLOGY_ID) VALUES ('9548c790-c44d-4baa-88f1-1bf1640ee91d', 'c77d6801-7e11-496d-a89b-b619d6059730');
INSERT INTO JOB_LISTING (ID, REGION_ID) VALUES ('a3fd36c1-b079-4658-bda6-0aeb47258a89', '1faffd78-fe8d-4525-a3a1-82a7ccb2e4f5');
INSERT INTO JOB_LISTING_TECHNOLOGY (JOB_LISTING_ID, TECHNOLOGY_ID) VALUES ('a3fd36c1-b079-4658-bda6-0aeb47258a89', '12f5b739-b818-4fe2-8fd2-9343a0869892');
INSERT INTO JOB_LISTING_TECHNOLOGY (JOB_LISTING_ID, TECHNOLOGY_ID) VALUES ('a3fd36c1-b079-4658-bda6-0aeb47258a89', 'd93dd155-2c47-4166-83d5-291fc369a54e');
INSERT INTO JOB_LISTING (ID, REGION_ID) VALUES ('7439d5dc-d975-4a68-ba44-9f0ce89800d4', 'eceaa8b9-3b66-4bf9-8dee-28ad2dcee356');
INSERT INTO JOB_LISTING_TECHNOLOGY (JOB_LISTING_ID, TECHNOLOGY_ID) VALUES ('7439d5dc-d975-4a68-ba44-9f0ce89800d4', 'caa2705f-a177-41ae-8fa1-cc6264c17453');
INSERT INTO JOB_LISTING_TECHNOLOGY (JOB_LISTING_ID, TECHNOLOGY_ID) VALUES ('7439d5dc-d975-4a68-ba44-9f0ce89800d4', 'f7213740-f29a-4d4d-b232-ff6dc53dfe59');
INSERT INTO JOB_LISTING (ID, REGION_ID) VALUES ('5bc62096-66f2-42fc-a8a8-3f03d41394af', '205585ce-5eb8-4242-8926-0ab53ab82514');
INSERT INTO JOB_LISTING_TECHNOLOGY (JOB_LISTING_ID, TECHNOLOGY_ID) VALUES ('5bc62096-66f2-42fc-a8a8-3f03d41394af', 'caa2705f-a177-41ae-8fa1-cc6264c17453');
INSERT INTO JOB_LISTING_TECHNOLOGY (JOB_LISTING_ID, TECHNOLOGY_ID) VALUES ('5bc62096-66f2-42fc-a8a8-3f03d41394af', 'd93dd155-2c47-4166-83d5-291fc369a54e');
INSERT INTO JOB_LISTING_TECHNOLOGY (JOB_LISTING_ID, TECHNOLOGY_ID) VALUES ('5bc62096-66f2-42fc-a8a8-3f03d41394af', 'c77d6801-7e11-496d-a89b-b619d6059730');
INSERT INTO JOB_LISTING_TECHNOLOGY (JOB_LISTING_ID, TECHNOLOGY_ID) VALUES ('5bc62096-66f2-42fc-a8a8-3f03d41394af', '80e1c80f-5f8f-4482-aeac-a1328beb807d');
INSERT INTO JOB_LISTING (ID, REGION_ID) VALUES ('a3c28f56-fcf7-42a1-92d0-a539f12f1b1d', 'b27dce47-bb60-451c-bc08-92d976c2518a');
INSERT INTO JOB_LISTING_TECHNOLOGY (JOB_LISTING_ID, TECHNOLOGY_ID) VALUES ('a3c28f56-fcf7-42a1-92d0-a539f12f1b1d', '85b2dd43-48d0-458c-b5a6-ecdbd4dae1b3');
INSERT INTO JOB_LISTING_TECHNOLOGY (JOB_LISTING_ID, TECHNOLOGY_ID) VALUES ('a3c28f56-fcf7-42a1-92d0-a539f12f1b1d', 'f7213740-f29a-4d4d-b232-ff6dc53dfe59');
INSERT INTO JOB_LISTING (ID, REGION_ID) VALUES ('49c3926d-3f93-4277-a29b-cedaaa558689', 'a452ef93-d79a-40d7-ad14-1190fa11e65b');
INSERT INTO JOB_LISTING_TECHNOLOGY (JOB_LISTING_ID, TECHNOLOGY_ID) VALUES ('49c3926d-3f93-4277-a29b-cedaaa558689', '85b2dd43-48d0-458c-b5a6-ecdbd4dae1b3');
INSERT INTO JOB_LISTING_TECHNOLOGY (JOB_LISTING_ID, TECHNOLOGY_ID) VALUES ('49c3926d-3f93-4277-a29b-cedaaa558689', 'f7213740-f29a-4d4d-b232-ff6dc53dfe59');
INSERT INTO JOB_LISTING (ID, REGION_ID) VALUES ('f22f0a39-9573-41f7-894e-8e56659731da', 'abfc222c-5ee8-4847-a50d-06a5b095ea25');
INSERT INTO JOB_LISTING_TECHNOLOGY (JOB_LISTING_ID, TECHNOLOGY_ID) VALUES ('f22f0a39-9573-41f7-894e-8e56659731da', 'f7213740-f29a-4d4d-b232-ff6dc53dfe59');
INSERT INTO JOB_LISTING_TECHNOLOGY (JOB_LISTING_ID, TECHNOLOGY_ID) VALUES ('f22f0a39-9573-41f7-894e-8e56659731da', '46582243-11e4-450e-be96-8a01d9a1d304');
INSERT INTO JOB_LISTING_TECHNOLOGY (JOB_LISTING_ID, TECHNOLOGY_ID) VALUES ('f22f0a39-9573-41f7-894e-8e56659731da', 'caa2705f-a177-41ae-8fa1-cc6264c17453');
INSERT INTO JOB_LISTING_TECHNOLOGY (JOB_LISTING_ID, TECHNOLOGY_ID) VALUES ('f22f0a39-9573-41f7-894e-8e56659731da', '85b2dd43-48d0-458c-b5a6-ecdbd4dae1b3');
INSERT INTO JOB_LISTING_TECHNOLOGY (JOB_LISTING_ID, TECHNOLOGY_ID) VALUES ('f22f0a39-9573-41f7-894e-8e56659731da', '80e1c80f-5f8f-4482-aeac-a1328beb807d');
INSERT INTO JOB_LISTING (ID, REGION_ID) VALUES ('54b4ba92-7a14-48ec-bf5c-3c9fb065d63b', 'ff17b5c0-07ca-434d-90cf-85e038f4bdd5');
INSERT INTO JOB_LISTING_TECHNOLOGY (JOB_LISTING_ID, TECHNOLOGY_ID) VALUES ('54b4ba92-7a14-48ec-bf5c-3c9fb065d63b', 'd93dd155-2c47-4166-83d5-291fc369a54e');
INSERT INTO JOB_LISTING_TECHNOLOGY (JOB_LISTING_ID, TECHNOLOGY_ID) VALUES ('54b4ba92-7a14-48ec-bf5c-3c9fb065d63b', 'caa2705f-a177-41ae-8fa1-cc6264c17453');
INSERT INTO JOB_LISTING_TECHNOLOGY (JOB_LISTING_ID, TECHNOLOGY_ID) VALUES ('54b4ba92-7a14-48ec-bf5c-3c9fb065d63b', 'c77d6801-7e11-496d-a89b-b619d6059730');
INSERT INTO JOB_LISTING (ID, REGION_ID) VALUES ('c3b3563a-b67a-44db-a14d-36a23cbdfafb', 'f91ee8cd-d915-4d9b-be2d-4a7e53e586a9');
INSERT INTO JOB_LISTING_TECHNOLOGY (JOB_LISTING_ID, TECHNOLOGY_ID) VALUES ('c3b3563a-b67a-44db-a14d-36a23cbdfafb', 'd37d5595-16b2-4a62-82b0-910a83e0c0be');
INSERT INTO JOB_LISTING_TECHNOLOGY (JOB_LISTING_ID, TECHNOLOGY_ID) VALUES ('c3b3563a-b67a-44db-a14d-36a23cbdfafb', 'caa2705f-a177-41ae-8fa1-cc6264c17453');
INSERT INTO JOB_LISTING_TECHNOLOGY (JOB_LISTING_ID, TECHNOLOGY_ID) VALUES ('c3b3563a-b67a-44db-a14d-36a23cbdfafb', 'f7213740-f29a-4d4d-b232-ff6dc53dfe59');
INSERT INTO JOB_LISTING_TECHNOLOGY (JOB_LISTING_ID, TECHNOLOGY_ID) VALUES ('c3b3563a-b67a-44db-a14d-36a23cbdfafb', 'dada90e7-e495-4970-814d-34762d67e28b');
INSERT INTO JOB_LISTING_TECHNOLOGY (JOB_LISTING_ID, TECHNOLOGY_ID) VALUES ('c3b3563a-b67a-44db-a14d-36a23cbdfafb', '12f5b739-b818-4fe2-8fd2-9343a0869892');
INSERT INTO JOB_LISTING (ID, REGION_ID) VALUES ('3e141aae-3841-4951-9181-a19234e8e9a7', 'c7767916-37b7-46df-80c1-d62d0f8c934a');
INSERT INTO JOB_LISTING_TECHNOLOGY (JOB_LISTING_ID, TECHNOLOGY_ID) VALUES ('3e141aae-3841-4951-9181-a19234e8e9a7', 'f7213740-f29a-4d4d-b232-ff6dc53dfe59');
INSERT INTO JOB_LISTING_TECHNOLOGY (JOB_LISTING_ID, TECHNOLOGY_ID) VALUES ('3e141aae-3841-4951-9181-a19234e8e9a7', '46582243-11e4-450e-be96-8a01d9a1d304');
INSERT INTO JOB_LISTING (ID, REGION_ID) VALUES ('c42e1d65-2b27-4491-bfcd-7873195f70ed', '75724134-4f6c-4573-83a7-5c512bf75195');
INSERT INTO JOB_LISTING_TECHNOLOGY (JOB_LISTING_ID, TECHNOLOGY_ID) VALUES ('c42e1d65-2b27-4491-bfcd-7873195f70ed', 'f7213740-f29a-4d4d-b232-ff6dc53dfe59');
INSERT INTO JOB_LISTING_TECHNOLOGY (JOB_LISTING_ID, TECHNOLOGY_ID) VALUES ('c42e1d65-2b27-4491-bfcd-7873195f70ed', 'dada90e7-e495-4970-814d-34762d67e28b');
INSERT INTO JOB_LISTING_TECHNOLOGY (JOB_LISTING_ID, TECHNOLOGY_ID) VALUES ('c42e1d65-2b27-4491-bfcd-7873195f70ed', 'caa2705f-a177-41ae-8fa1-cc6264c17453');
INSERT INTO JOB_LISTING (ID, REGION_ID) VALUES ('7f393254-2362-4540-81a5-db229e832862', '0fc67f63-1e7a-40d6-8e4a-a911ba5d7203');
INSERT INTO JOB_LISTING_TECHNOLOGY (JOB_LISTING_ID, TECHNOLOGY_ID) VALUES ('7f393254-2362-4540-81a5-db229e832862', '80e1c80f-5f8f-4482-aeac-a1328beb807d');
INSERT INTO JOB_LISTING_TECHNOLOGY (JOB_LISTING_ID, TECHNOLOGY_ID) VALUES ('7f393254-2362-4540-81a5-db229e832862', 'dada90e7-e495-4970-814d-34762d67e28b');
INSERT INTO JOB_LISTING (ID, REGION_ID) VALUES ('85f59b66-ed2a-431a-880a-01662bca0a75', 'd17281b9-c6fc-4aab-86d4-9ab24bb3b6fd');
INSERT INTO JOB_LISTING_TECHNOLOGY (JOB_LISTING_ID, TECHNOLOGY_ID) VALUES ('85f59b66-ed2a-431a-880a-01662bca0a75', 'd93dd155-2c47-4166-83d5-291fc369a54e');
INSERT INTO JOB_LISTING_TECHNOLOGY (JOB_LISTING_ID, TECHNOLOGY_ID) VALUES ('85f59b66-ed2a-431a-880a-01662bca0a75', 'd37d5595-16b2-4a62-82b0-910a83e0c0be');
INSERT INTO JOB_LISTING_TECHNOLOGY (JOB_LISTING_ID, TECHNOLOGY_ID) VALUES ('85f59b66-ed2a-431a-880a-01662bca0a75', 'c77d6801-7e11-496d-a89b-b619d6059730');
INSERT INTO JOB_LISTING (ID, REGION_ID) VALUES ('7f3d20f1-223b-4f94-b12e-7fdd97be18d2', 'fdb63d77-f427-41bb-96a2-91130f3a0466');
INSERT INTO JOB_LISTING_TECHNOLOGY (JOB_LISTING_ID, TECHNOLOGY_ID) VALUES ('7f3d20f1-223b-4f94-b12e-7fdd97be18d2', 'caa2705f-a177-41ae-8fa1-cc6264c17453');
INSERT INTO JOB_LISTING_TECHNOLOGY (JOB_LISTING_ID, TECHNOLOGY_ID) VALUES ('7f3d20f1-223b-4f94-b12e-7fdd97be18d2', 'f7213740-f29a-4d4d-b232-ff6dc53dfe59');
INSERT INTO JOB_LISTING_TECHNOLOGY (JOB_LISTING_ID, TECHNOLOGY_ID) VALUES ('7f3d20f1-223b-4f94-b12e-7fdd97be18d2', 'd93dd155-2c47-4166-83d5-291fc369a54e');
INSERT INTO JOB_LISTING_TECHNOLOGY (JOB_LISTING_ID, TECHNOLOGY_ID) VALUES ('7f3d20f1-223b-4f94-b12e-7fdd97be18d2', 'd37d5595-16b2-4a62-82b0-910a83e0c0be');
INSERT INTO JOB_LISTING (ID, REGION_ID) VALUES ('31459f7e-de3f-47e9-ba59-dd1a45b92c9f', 'e6056c00-d6d4-4a39-9cb0-5e7c3751c9f3');
INSERT INTO JOB_LISTING_TECHNOLOGY (JOB_LISTING_ID, TECHNOLOGY_ID) VALUES ('31459f7e-de3f-47e9-ba59-dd1a45b92c9f', 'd37d5595-16b2-4a62-82b0-910a83e0c0be');
INSERT INTO JOB_LISTING_TECHNOLOGY (JOB_LISTING_ID, TECHNOLOGY_ID) VALUES ('31459f7e-de3f-47e9-ba59-dd1a45b92c9f', 'caa2705f-a177-41ae-8fa1-cc6264c17453');
INSERT INTO JOB_LISTING_TECHNOLOGY (JOB_LISTING_ID, TECHNOLOGY_ID) VALUES ('31459f7e-de3f-47e9-ba59-dd1a45b92c9f', '85b2dd43-48d0-458c-b5a6-ecdbd4dae1b3');
INSERT INTO JOB_LISTING (ID, REGION_ID) VALUES ('bc6c3f55-61ce-43a7-a0b7-3c767e467a0e', '8f210672-db08-4e81-b492-d69dd03adb6b');
INSERT INTO JOB_LISTING_TECHNOLOGY (JOB_LISTING_ID, TECHNOLOGY_ID) VALUES ('bc6c3f55-61ce-43a7-a0b7-3c767e467a0e', 'dada90e7-e495-4970-814d-34762d67e28b');
INSERT INTO JOB_LISTING_TECHNOLOGY (JOB_LISTING_ID, TECHNOLOGY_ID) VALUES ('bc6c3f55-61ce-43a7-a0b7-3c767e467a0e', '80e1c80f-5f8f-4482-aeac-a1328beb807d');
INSERT INTO JOB_LISTING_TECHNOLOGY (JOB_LISTING_ID, TECHNOLOGY_ID) VALUES ('bc6c3f55-61ce-43a7-a0b7-3c767e467a0e', 'd93dd155-2c47-4166-83d5-291fc369a54e');
INSERT INTO JOB_LISTING_TECHNOLOGY (JOB_LISTING_ID, TECHNOLOGY_ID) VALUES ('bc6c3f55-61ce-43a7-a0b7-3c767e467a0e', 'c77d6801-7e11-496d-a89b-b619d6059730');
INSERT INTO JOB_LISTING (ID, REGION_ID) VALUES ('bfdba42c-36be-4baa-8291-3ae599cca6fe', 'eb81d4f5-05de-40d0-85cc-ba5b5006a277');
INSERT INTO JOB_LISTING_TECHNOLOGY (JOB_LISTING_ID, TECHNOLOGY_ID) VALUES ('bfdba42c-36be-4baa-8291-3ae599cca6fe', '12f5b739-b818-4fe2-8fd2-9343a0869892');
INSERT INTO JOB_LISTING_TECHNOLOGY (JOB_LISTING_ID, TECHNOLOGY_ID) VALUES ('bfdba42c-36be-4baa-8291-3ae599cca6fe', 'caa2705f-a177-41ae-8fa1-cc6264c17453');
INSERT INTO JOB_LISTING_TECHNOLOGY (JOB_LISTING_ID, TECHNOLOGY_ID) VALUES ('bfdba42c-36be-4baa-8291-3ae599cca6fe', '85b2dd43-48d0-458c-b5a6-ecdbd4dae1b3');
INSERT INTO JOB_LISTING_TECHNOLOGY (JOB_LISTING_ID, TECHNOLOGY_ID) VALUES ('bfdba42c-36be-4baa-8291-3ae599cca6fe', 'f7213740-f29a-4d4d-b232-ff6dc53dfe59');
INSERT INTO JOB_LISTING_TECHNOLOGY (JOB_LISTING_ID, TECHNOLOGY_ID) VALUES ('bfdba42c-36be-4baa-8291-3ae599cca6fe', 'c77d6801-7e11-496d-a89b-b619d6059730');
INSERT INTO JOB_LISTING (ID, REGION_ID) VALUES ('12b9cf91-3218-490f-8d6c-d2b1497e8bcd', 'd340f5b0-5115-49fe-a743-c78604ee56ff');
INSERT INTO JOB_LISTING_TECHNOLOGY (JOB_LISTING_ID, TECHNOLOGY_ID) VALUES ('12b9cf91-3218-490f-8d6c-d2b1497e8bcd', 'c77d6801-7e11-496d-a89b-b619d6059730');
INSERT INTO JOB_LISTING_TECHNOLOGY (JOB_LISTING_ID, TECHNOLOGY_ID) VALUES ('12b9cf91-3218-490f-8d6c-d2b1497e8bcd', 'dada90e7-e495-4970-814d-34762d67e28b');
INSERT INTO JOB_LISTING (ID, REGION_ID) VALUES ('42b0aa4b-6ddd-427e-b821-d67ecc593a06', 'd9907675-7b6f-4aa5-9380-d31613198062');
INSERT INTO JOB_LISTING_TECHNOLOGY (JOB_LISTING_ID, TECHNOLOGY_ID) VALUES ('42b0aa4b-6ddd-427e-b821-d67ecc593a06', '12f5b739-b818-4fe2-8fd2-9343a0869892');
INSERT INTO JOB_LISTING_TECHNOLOGY (JOB_LISTING_ID, TECHNOLOGY_ID) VALUES ('42b0aa4b-6ddd-427e-b821-d67ecc593a06', '46582243-11e4-450e-be96-8a01d9a1d304');
